"conversation_id_str","created_at","favorite_count","full_text","id_str","image_url","in_reply_to_screen_name","lang","location","quote_count","reply_count","retweet_count","tweet_url","user_id_str","username"
"1785270951460098162","Tue Apr 30 11:33:20 +0000 2024","0","Tapi ngomong-ngomong gimana pertandingan semalam menurut Kawan Puan? #CeritaParapuan #Parapuan #KamuDidengar #PerempuanMemilih #PerempuanIndonesia #PerempuanHebat #TipePerempuan #TimnasIndonesia #PialaAsiau23 #Timnas #SepakBola #SepakBolaIndonesia #indonesiavsuzbekistan","1785271212085805366","","Cerita_Parapuan","in","","0","0","0","https://twitter.com/Cerita_Parapuan/status/1785271212085805366","1349286188402712576","Cerita_Parapuan"
"1785268170875711905","Tue Apr 30 11:21:15 +0000 2024","0","Harusnya ikutan sok sok sering jatuh juga lah mereka sering jatuh sendiri pemain Indo mestinya ikutan sering jatuh. Bola itu bukan soal skill kemampuan dan kepintaran tetapi tentang sebanyak apa pengecohan kepada lawan. #indonesiavsuzbekistan","1785268170875711905","","","in","Bandung ","0","0","0","https://twitter.com/renaerlianisyah/status/1785268170875711905","135391893","renaerlianisyah"
"1785268713362747580","Tue Apr 30 11:23:24 +0000 2024","0","Wasitnya kayak tukang parkir #indonesiavsuzbekistan #AsianCupU23","1785268713362747580","","","in","","0","0","0","https://twitter.com/ZulidarRizka/status/1785268713362747580","1296394153996083201","ZulidarRizka"
"1785269955820454323","Tue Apr 30 11:28:20 +0000 2024","0","Hhmm double kill untuk hari ini #indonesiavsuzbekistan","1785269955820454323","","","in","","0","0","0","https://twitter.com/ZulidarRizka/status/1785269955820454323","1296394153996083201","ZulidarRizka"
"1785255468463767957","Tue Apr 30 10:30:46 +0000 2024","1","Nemu stts we aa teman... Bikin gemes wasit² pertandingan #indonesiavsuzbekistan https://t.co/XZnKtNKax8","1785255468463767957","https://pbs.twimg.com/media/GMaAW-fbgAA_hdu.jpg","","in","Malang, Jawa Timur","0","0","0","https://twitter.com/agus_mn12/status/1785255468463767957","2553942204","agus_mn12"
"1785248718104740148","Tue Apr 30 10:03:57 +0000 2024","0","Kata Shin Tae-yong Usai Timnas U-23 Indonesia Kalah dari Uzbekistan baca selengkapnya di https://t.co/Bi8gjOGchA #timnasindonesia #pialaasia #aseancup #aseanafccup #shintaeyong #indonesiavsuzbekistan","1785248718104740148","","","in","Indonesia","0","0","0","https://twitter.com/KuBet_Indonesia/status/1785248718104740148","1742771543091073024","KuBet_Indonesia"
"1785247200190316792","Tue Apr 30 09:57:55 +0000 2024","0","Indonesia lolos ke final? Bandar: RUGI DONG! Wasit: AMAN BOSS. SY KONDISIKAN Dan begitulah pertandingan semalam berjalan #TimnasIndonesiaU23 #indonesiavsuzbekistan","1785247200190316792","","","in","San Siro, Milano","0","0","0","https://twitter.com/harrisrahmat/status/1785247200190316792","83807786","harrisrahmat"
"1785242112801521669","Tue Apr 30 09:37:42 +0000 2024","2","Kata Media Asing soal Kekalahan Indonesia dari Uzbekistan ~N #IndonesiaVSUzbekistan #MediaAsing #TimnasIndonesia https://t.co/ZLThsNVsUM","1785242112801521669","https://pbs.twimg.com/media/GMZ0JfUbkAEEC9a.jpg","","in","Jakarta","0","0","1","https://twitter.com/kompascom/status/1785242112801521669","23343960","kompascom"
"1785239289263263963","Tue Apr 30 09:28:19 +0000 2024","1","Shin Tae-Yong merasakan kerugian atas tidak imbangnya perlakuan wasit Shen Yinhao tersebut selama pertandingan semifinal Piala Asia U-23 #indonesiavsuzbekistan . Bagaimana menurutmu? https://t.co/qqatGsLFdj","1785239750213050644","https://pbs.twimg.com/media/GMZyB-fboAE5TXI.jpg","Forumterkiniid","in","","0","1","0","https://twitter.com/Forumterkiniid/status/1785239750213050644","1676121050499911686","Forumterkiniid"
"1785237657087561803","Tue Apr 30 09:20:00 +0000 2024","0","Ribuan suporter tertunduk lesu saat mengetahui Timnas Indonesia harus kalah melawan Uzbekistan pada senin malam. #IndonesiavsUzbekistan #PialaAsiaU23 #MedcomId https://t.co/k3I2f4SUbX","1785237657087561803","https://pbs.twimg.com/amplify_video_thumb/1785212575250268160/img/oK4yx8kooFlT4nUq.jpg","","in","Jakarta Capital Region, Indone","0","0","0","https://twitter.com/medcom_id/status/1785237657087561803","902837643024539651","medcom_id"
"1785237216710803755","Tue Apr 30 09:18:15 +0000 2024","0","Langkah skuad Garuda U23 terpaksa terhenti. Mereka kalah dengan skor 0-2 dari Uzbekistan. Kekalahan yang termaafkan. Begitu jika melihat perjuangan Tim Nasional Indonesia yang sejatinya adalah debutan turnamen bola sepak se Asia ini. #GarudaMuda #IndonesiaVsUzbekistan","1785237216710803755","","","in","DKI Jakarta","0","0","0","https://twitter.com/faktacom_/status/1785237216710803755","1664572693180747777","faktacom_"
"1785232636924866836","Tue Apr 30 09:00:03 +0000 2024","0","Nama selebgram Jerome Polin mendadak trending di media sosial usai kekalahan Timnas U-23 Indonesia melawan Uzbekistan dalam laga semifinal Piala Asia U-23. Jerome lantas menyampaikan permohonan maaf. #JeromePolin #IndonesiavsUzbekistan #MedcomId https://t.co/OSmWcWaHEg","1785232636924866836","","","in","Jakarta Capital Region, Indone","0","0","0","https://twitter.com/medcom_id/status/1785232636924866836","902837643024539651","medcom_id"
"1785226938015154402","Tue Apr 30 08:37:24 +0000 2024","2","Minimal kalo offside ada garis lahhh yg menunjukan kalo offside ini liga besar kok ada yah wasit se goblok ini #AFCU23アジアカップ #Uzbekistan #STYTerbaik #indoviral #indonesiavsuzbekistan https://t.co/buBEC2F4Ij","1785226938015154402","https://pbs.twimg.com/ext_tw_video_thumb/1785226860525424640/pu/img/9mJjhv5JEqHl6ZUn.jpg","","in","","0","0","0","https://twitter.com/kdynctt/status/1785226938015154402","3099468712","kdynctt"
"1785225915397800254","Tue Apr 30 08:33:20 +0000 2024","1","Polo Timnas Indonesia ready untuk kawan nobar mu Berminat bisa menghubungi Admin https://t.co/pYwyFIZ2Qp #sananta #AFCU23 #TimnasIndonesiaU23 #indonesiavsuzbekistan https://t.co/TdtVfvOYXi","1785225915397800254","https://pbs.twimg.com/media/GMZlf_ba4AA7Lt6.jpg","","in","","0","0","0","https://twitter.com/dhio_brian/status/1785225915397800254","1077909398356320258","dhio_brian"
"1785223355056226503","Tue Apr 30 08:23:10 +0000 2024","0","Timnas Indonesia U-23 kalah 0-2 dari Uzbekistan dalam laga semifinal Piala Asia U-23 yang digelar di Doha Qatar pada Senin 29 April 2024. #PresidenRI #Jokowi #Nobar #IndonesiaVsUzbekistan #KabinetIndonesiaMaju #Menteri #Semifinal #SepakBola #ShinTaeYong #ErickThohir #PSSI https://t.co/LPE8S3ctpX","1785223355056226503","https://pbs.twimg.com/ext_tw_video_thumb/1785222898355245056/pu/img/MAzrLTn2xOU0LPTi.jpg","","in","","0","0","0","https://twitter.com/finindonesia/status/1785223355056226503","998801336601788417","finindonesia"
"1785218426761531665","Tue Apr 30 08:03:35 +0000 2024","1","MODAL RECEH PUN WEDE CUY#PEPE4D #pepe4d #slotgacor #TimnasIndonesia #indonesiavsuzbekistan Link gacor ada di bawah https://t.co/MXv68ktvkc https://t.co/cgdmt8noQV","1785218426761531665","https://pbs.twimg.com/media/GMZeNsybsAAFW86.jpg","","in","Indonesia","0","0","0","https://twitter.com/Pepe4dmenang/status/1785218426761531665","1756301121994268672","Pepe4dmenang"
"1785217824509882424","Tue Apr 30 08:01:11 +0000 2024","0","Ditanya : HOW frustrating are you after tonight's defeat? Terjemahan nya : Gimana pesan kesan match malam ini? #AFCU23AsianCup #indonesiavsuzbekistan","1785217824509882424","","","in","Bekasi Timur, Indonesia","0","0","0","https://twitter.com/hilmyabdillah98/status/1785217824509882424","1237405415903723521","hilmyabdillah98"
"1785217695040086233","Tue Apr 30 08:00:40 +0000 2024","0","MODAL RECEH PUN WEDE CUY!! #TINDER88 #tinder88 #slotgacorhariini #slotgacor2024 #indonesiavsuzbekistan #indonesiaU23 Link Gacor ada di bawah https://t.co/FPgmyiLOny https://t.co/kr4lysQ75C","1785217695040086233","https://pbs.twimg.com/media/GMZdNFGbgAAsTGJ.jpg","","in","","0","0","0","https://twitter.com/tinderdelapan2/status/1785217695040086233","1756323828358086656","tinderdelapan2"
"1785217693647581659","Tue Apr 30 08:00:40 +0000 2024","1","terimakasih wasit :) _ tapi kami tidak buta. #catat . #Indonesia #indonesiavsuzbekistan #indonesiaU23 #AFCAsianCup2024 #indonesiaviral #AFCCheatingAgain #wasit #WasitJelek #wasittop #SHENYIHAO #shenyihao #AFCU23AsianCup https://t.co/FXbW8SbSzh","1785217693647581659","https://pbs.twimg.com/media/GMZdATia8AAIs9G.jpg","","in","Indonesia","0","0","3","https://twitter.com/ucl_terupdate/status/1785217693647581659","2344764464","ucl_terupdate"
"1784865447571075337","Tue Apr 30 07:57:04 +0000 2024","0","@ReezMuhammad @KAI121 Wasit ini apa ga tau....? Utang udah dibayar koq ga netral #indonesiavsuzbekistan gool Ferrari dianulir.. @afcasiancup https://t.co/X56cjaoLt7","1785216788625871089","https://pbs.twimg.com/media/GMZdNWwbIAAq8YI.jpg","ReezMuhammad","in","Tebet, Indonesia","0","0","0","https://twitter.com/sumpanto/status/1785216788625871089","1605195051084435457","sumpanto"
"1785216413063668063","Tue Apr 30 07:55:35 +0000 2024","1","#News #indonesiavsuzbekistan #pertandingantimnasindonesia Beredar Kabar Pertandingan Timnas Indonesia U23 vs Uzbekistan Akan Diulang Ini Faktanya: Beredar kabar pertandingan Timnas Indonesia U23 vs Uzbekistan akan diulang menyusul adanya indikasi https://t.co/eGDdHJ1SQh","1785216413063668063","","","in","Makassar, Indonesia","0","0","0","https://twitter.com/terkinidotid/status/1785216413063668063","123757780","terkinidotid"
"1784621451175473636","Tue Apr 30 07:32:29 +0000 2024","0","Apa Kata Penonton? Dari Nobar Semifinal AFC U23 2024 Indonesia VS Uzbekistan Senin 29 April 2024 #TimnasDay #AFCU23AsianCup #SemiFinal #indonesiavsuzbekistan https://t.co/CuA3HKjsFV","1785210602539155676","https://pbs.twimg.com/ext_tw_video_thumb/1785210492841336832/pu/img/Rkal6Z8h-hi7IGIk.jpg","PoldaJogja","in","Yogyakarta, Indonesia","0","0","0","https://twitter.com/PoldaJogja/status/1785210602539155676","818341300797722624","PoldaJogja"
"1785208852495126829","Tue Apr 30 07:25:33 +0000 2024","0","#Viralvideo #indonesiavsuzbekistan #viral #KIZILGONCALAR | KIPK https://t.co/w4sOr9VyvM Seorang penerima KIPK menjadi sorotan setelah gaya hidup mewahnya terungkap oleh warganet. Nama Cantika Mutiara Johani (akun X @cantikamje)","1785208854902616452","","StephanieD11259","in","","0","1","0","https://twitter.com/StephanieD11259/status/1785208854902616452","1731879747024736256","StephanieD11259"
"1785208382959550975","Tue Apr 30 07:23:40 +0000 2024","0","Kepikiran setelah baca vt tiktok ini. Kalian bisa hitung sendiri waktu serangan² uzbek ke gawang timnas kita berapa kali dimentalin mistar gawang? Itu mungkin nazar² positif dari silent supporters. #TimnasIndonesiaU23 #indonesiavsuzbekistan #AFCU23AsianCup #Indonesia #U23 https://t.co/RKb1pzGFSo","1785208382959550975","https://pbs.twimg.com/media/GMZVkFib0AAOMbF.jpg","","in","Gorontalo, Indonesia","0","0","0","https://twitter.com/rbyandreas/status/1785208382959550975","563401831","rbyandreas"
"1785203744634032351","Tue Apr 30 07:05:14 +0000 2024","0","BUKTI JP MEMBER #ORIBET SETIAP HARI DI KASIH JP &amp; MAXWIN ! BONUS DEPO 20 JADI 45 ( ALL SLOT ) BONUS MEMBER BARU 100%( ALL SLOT ) . #Uzbekistan #indonesiavsuzbekistan #Indonesia #TimnasIndonesia #TimnasIndonesiaU23 #rafaelstruick #shenyinhao #AFCU23AsianCup #viralterbaru https://t.co/rs6jm8E6ce","1785203744634032351","https://pbs.twimg.com/media/GMZRVm8bAAAZ0On.jpg","","in","","0","0","0","https://twitter.com/oribetofficial/status/1785203744634032351","2415660608","oribetofficial"
"1785203614329479500","Tue Apr 30 07:04:43 +0000 2024","0","BET 2000 MASUK SKETER AUTO JEPE PAUSS !! DI #STARLIGHTPRINCESS1000 JP 6 9 JUTA !! GAMPANG BANGET PECAH NYA NGABB!! ISI FORM WeDe LANGSUNG LANDING !! . #Uzbekistan #indonesiavsuzbekistan #Indonesia #TimnasIndonesia #TimnasIndonesiaU23 #rafaelstruick #shenyinhao #AFCU23AsianCup https://t.co/qa5QliccWc","1785203614329479500","https://pbs.twimg.com/ext_tw_video_thumb/1785203167745220608/pu/img/Oa4-jta7MJhs1xNO.jpg","","in","","0","0","0","https://twitter.com/oribetofficial/status/1785203614329479500","2415660608","oribetofficial"
"1785200822865002896","Tue Apr 30 06:53:38 +0000 2024","1","Ketua Umum PSSI Erick Thohir memberikan motivasi kepada pemain Timnas Indonesia U-23 agar tidak menyerah usai kalah 2-0 dari Uzbekistan dalam laga semifinal Piala Asia U-23 2024. #KetuaUmum #PSSI #Motivasi #Semangat #TimnasU23 #FightBack #IndonesiaVSUzbekistan https://t.co/8U6aCWNetH","1785200822865002896","https://pbs.twimg.com/ext_tw_video_thumb/1785200468387676160/pu/img/Q3-JvYHKBRpNJeH4.jpg","","in","","0","0","1","https://twitter.com/finindonesia/status/1785200822865002896","998801336601788417","finindonesia"
"1785200458585543137","Tue Apr 30 06:52:11 +0000 2024","1","Siang Siang Depo Malamnya Michat Daftar https://t.co/bFvOb948Qe Situs Terbaik Dan Terpercaya iBET44 #ibet44 #indonesiavsuzbekistan #QueenOfTears #winmetawin #slotgacor #Gemini_NT https://t.co/Jjka3LJpUv","1785200458585543137","https://pbs.twimg.com/ext_tw_video_thumb/1785200175826542592/pu/img/UB_3vN0tvwdOhMzR.jpg","","in","indonesia","0","0","0","https://twitter.com/ibet44indo/status/1785200458585543137","3293761092","ibet44indo"
"1785197935497760907","Tue Apr 30 06:42:09 +0000 2024","0","SEMANGAT TIMNAS INDO!!! WALAUPUN KALIAN KALAH KALIAN TETAP MENANG DI HATI KITA!! 🇮🇩🇮🇩 #indonesiavsuzbekistan #Indonesia #Uzbekistan #wasit #WasitJelek Uncovered a new alpha recently @SenderLabs","1785197935497760907","","","in","East Java, Indonesia","0","0","0","https://twitter.com/rndintjy/status/1785197935497760907","1320299157739896833","rndintjy"
"1785185852974633025","Tue Apr 30 05:54:09 +0000 2024","0","detik detik indonesia di prank gol awoakwowkwok #TimnasIndonesiaU23 #nobarafcu23asiancup #IndonesiaJuara #indonesiavsuzbekistan #nobarsemifinal https://t.co/OQISAThnrE","1785185852974633025","https://pbs.twimg.com/ext_tw_video_thumb/1785185778043326464/pu/img/AYEXhrnXm3kjQmUu.jpg","","in","","0","0","0","https://twitter.com/kiwilongg/status/1785185852974633025","1460465700569444353","kiwilongg"
"1785171236307542246","Tue Apr 30 04:56:04 +0000 2024","0","Indonesia ditekuk Uzbekistan 0-2 di semifinal Piala Asia U-23 2024. Beberapa keputusan kontroversial wasit dianggap merugikan Garuda Muda. #timnasindonesia #pialaasia #u23 #timnasday #indonesiavsuzbekistan #kontroversial #wasit #abduvohid #AFCCheatingAgain https://t.co/olwX4ml5G1","1785171236307542246","https://pbs.twimg.com/ext_tw_video_thumb/1785171069462298624/pu/img/jTce2Zi7bR-09sWN.jpg","","in","Kota Serang, Banten","0","0","0","https://twitter.com/KreatifsultanId/status/1785171236307542246","907810884226973697","KreatifsultanId"
"1785157742262649323","Tue Apr 30 04:02:27 +0000 2024","0","PROMO SUNAT TANPA JARUM SUNTIK TANPA PERBAN LANGSUNG BISA BERAKTIFITAS #Suzy #sheline #UTBK #arhan #indonesiavsuzbekistan #HappyBirthdayRohit #KIZILGONCALAR https://t.co/kMETtvxOO4","1785157742262649323","https://pbs.twimg.com/media/GMYneyVa0AAHiv1.jpg","","in","Pedurungan, semarang","0","0","0","https://twitter.com/MedikaRls/status/1785157742262649323","1664080521734033408","MedikaRls"
"1785157471918846200","Tue Apr 30 04:01:39 +0000 2024","1","Jika anda perlu berkonsultasi lebih lanjut secara gratis segera daftarkan pada https://t.co/tAVTT2BdB4 langsung menggunakan WA! #LaporSehat #RSRVirtual #Timnas #GarudaJuara #indonesiaU23 #indonesiavsuzbekistan https://t.co/Io3ANhf5Tv","1785157544505454899","https://pbs.twimg.com/media/GMYnUYcb0AAHeL7.jpg","LaporSehat","in","Indonesia","0","0","0","https://twitter.com/LaporSehat/status/1785157544505454899","1246291567188434945","LaporSehat"
"1785157471918846200","Tue Apr 30 04:01:22 +0000 2024","3","Hayo siapa yang disini cemas lihat timnas kemarin kalah? Jangan-jangan kalian terkena fanxiety. #TimnasU23 #TimnasIndonesiaU23 #GarudaJuara #indonesiavsuzbekistan https://t.co/D6NE5sEWkR","1785157471918846200","https://pbs.twimg.com/media/GMYnQdNb0AAOiBB.jpg","","in","Indonesia","0","1","0","https://twitter.com/LaporSehat/status/1785157471918846200","1246291567188434945","LaporSehat"
"1785157351911387430","Tue Apr 30 04:00:53 +0000 2024","0","ceritanya abis nonton semifinal #indonesiavsuzbekistan jadi kan tidur malem. semalem aku bilang yoh aku ssok nek bangkong pie dia bilang ta bangunin dan yang terjadi https://t.co/194HlE5jgB","1785157351911387430","https://pbs.twimg.com/media/GMYnJK0a4AAboro.jpg","","in","Madiun, Jawa Timur","0","1","0","https://twitter.com/ayuhnfhr/status/1785157351911387430","1092455231059709953","ayuhnfhr"
"1785155792666009723","Tue Apr 30 03:54:42 +0000 2024","3","Benerkan kutukan jerome aktif.. Sukuna ge kalah kalau diadu #jerome #indonesiavsuzbekistan https://t.co/XeccOLtO0u","1785155792666009723","https://pbs.twimg.com/media/GMYlu2ZWwAAhadi.jpg","","in","Indonesia","0","1","1","https://twitter.com/RamaWidjanarko2/status/1785155792666009723","1557577303458062337","RamaWidjanarko2"
"1785155590186262870","Tue Apr 30 03:53:53 +0000 2024","1","Nonton Bareng Baiman Presisi Polresta Banjarmasin dan Pemko Banjarmasin Semi final piala AFC U23 Qatar 2024 Indonesia vs Uzbekistan #indonesiavsuzbekistan #nobartimnas https://t.co/QKNUSxCpKx","1785155590186262870","https://pbs.twimg.com/ext_tw_video_thumb/1785155250657386496/pu/img/G5UQZFNFmKVwlN6u.jpg","","in","Kalimantan Selatan, Indonesia","0","0","0","https://twitter.com/PolrestaBeJeEm/status/1785155590186262870","1566265162666979328","PolrestaBeJeEm"
"1785154045222772830","Tue Apr 30 03:47:45 +0000 2024","0","Gol pertama indo kenapa ga dihitung ya #indonesiavsuzbekistan #Indonesia https://t.co/No1yvy2yWh","1785154045222772830","https://pbs.twimg.com/media/GMYkIjgbUAEJoYP.jpg","","in","","0","0","0","https://twitter.com/jhi_30/status/1785154045222772830","1422525973254180864","jhi_30"
"1785151701366034715","Tue Apr 30 03:38:26 +0000 2024","1","Lawak sekaliiiii #indonesiavsuzbekistan https://t.co/fNpeztriFG","1785151701366034715","https://pbs.twimg.com/ext_tw_video_thumb/1785151664112246784/pu/img/xDqw7OcRBAX3rfpV.jpg","","in","","0","0","0","https://twitter.com/rahman_ia17/status/1785151701366034715","1547102451081564160","rahman_ia17"
"1785148079341265174","Tue Apr 30 03:24:03 +0000 2024","1","Dosa-dosa Besar Wasit Shen Yinhao Kala Pimpin Laga Indonesia vs Uzbekistan #ShenYinhao #indonesiavsuzbekistan https://t.co/vFNZesZap2","1785148079341265174","","","in","Kebayoran Lama, Indonesia","0","0","0","https://twitter.com/disway_id/status/1785148079341265174","1504683416314585090","disway_id"
"1785146226192867344","Tue Apr 30 03:16:41 +0000 2024","0","Walaupun #indonesiavsuzbekistan mengecewakan. tapi #aidrops #SenderLab tetap dilanjutkan. Potential for significant growth @SenderLabs","1785146226192867344","","","in","","0","0","0","https://twitter.com/yan_munawardi/status/1785146226192867344","4059541932","yan_munawardi"
"1785143674864886235","Tue Apr 30 03:06:33 +0000 2024","1","Ya kali wasit AFC selesai pertandingan langsung buka IG lucunya 2274 org Indonesia ini ya #TimNasDay #ShenYinhao #indonesiavsuzbekistan","1785143674864886235","","","in","","0","0","0","https://twitter.com/FauzanOpi/status/1785143674864886235","1436347443189194753","FauzanOpi"
"1785143282491932840","Tue Apr 30 03:04:59 +0000 2024","0","Jadi ga rame liat sepakbola sekarang dikit2 VAR... kayaknya ga usah ada wasit aja biar var aja yg jalan.. pake robot.. tp jadi sangat tidak menarik sekikit2 priiittt....#GarudaJuara #garudamuda #AFCU23AsianCup #AFCU23 #var #FIFA #indonesiavsuzbekistan #indonesiaU23","1785143282491932840","","","in","ÜT: -6.9000108,107.6042659","0","0","0","https://twitter.com/erlanggaergaz/status/1785143282491932840","30891229","erlanggaergaz"
"1785141260363366686","Tue Apr 30 02:56:57 +0000 2024","0","Siapa nih yang tadi malem udah selebrasi tapi gol-nya malah dianulir sama wasit coba jbjb di bawah Sekelik Original Content by Lampung Geh!©️ #IndonesiaU23 #indonesiavsuzbekistan #pialaasia2023 https://t.co/EaJWR1TjbM","1785141260363366686","https://pbs.twimg.com/amplify_video_thumb/1785141243741454336/img/hyjYQPtxJcMPAYTS.jpg","","in","Bandar Lampung, Lampung","0","0","0","https://twitter.com/lampunggehh/status/1785141260363366686","364003504","lampunggehh"
"1785141042024681684","Tue Apr 30 02:56:05 +0000 2024","0","Wali Kota Makassar Gelar Nobar Semi Final Timnas U-23 Indonesia vs Uzbekistan dengan 100 Gerobak Kuliner: Wali Kota Makassar Moh https://t.co/ff1wg9DI3e #Makassar #dannypomanto #gerobakkuliner #indonesiavsuzbekistan","1785141042024681684","","","in","Makassar, Indonesia","0","0","0","https://twitter.com/terkinidotid/status/1785141042024681684","123757780","terkinidotid"
"1785138965898756367","Tue Apr 30 02:47:50 +0000 2024","5","AI wallet speculation @SenderLabs Nice tri #indonesiavsuzbekistan Lanjut gb biar jp gk sedih","1785138965898756367","","","in","","1","4","6","https://twitter.com/ahmadkempeas777/status/1785138965898756367","1750741861797687296","ahmadkempeas777"
"1785136993938071732","Tue Apr 30 02:40:00 +0000 2024","0","Timnas Indonesia U-23 takluk dengan skor 0-2 melawan Uzbekistan U-23 pada laga semifinal Piala Asia U-23 2024 Qatar di Stadion Abdullah bin Khalifa Doha Senin 29 April 2024. #indonesiavsuzbekistan #PialaAsiaU23 #MedcomId https://t.co/EV9cxFlCbE","1785136993938071732","","","in","Jakarta Capital Region, Indone","0","0","0","https://twitter.com/medcom_id/status/1785136993938071732","902837643024539651","medcom_id"
"1785136595022274588","Tue Apr 30 02:38:25 +0000 2024","0","Beri Semangat Garuda Muda Erick Tohir: 'Come On' Masih Ada Tempat Ketiga #GarudaMuda #ketumPSSI #ErickThohir #TimnasIndonesia #PialaAsiaU232024 #IndonesiaVSUzbekistan @PSSI @erickthohir @TimnasIndonesia https://t.co/7NfHnRkiZS","1785136595022274588","","","in","","0","0","0","https://twitter.com/sinpotv/status/1785136595022274588","1012174601055449088","sinpotv"
"1785135329944781008","Tue Apr 30 02:33:23 +0000 2024","0","Terima kasih untuk perjuangannya Garuda Muda! Tetap semangat untuk perebutan juara 3 Piala Asia U23! Come back stronger Indonesia! #TimnasDay #IndonesiavsUzbekistan #PialaAsiaU23 #AyokeDanDan #AsianCupU23 #PialaAsiaU23 #garudamuda #indonesiau23 https://t.co/Y4wOq75cKk","1785135329944781008","https://pbs.twimg.com/media/GMYTG2raYAAIidm.jpg","","in","Tangerang, Indonesia","0","0","0","https://twitter.com/dandanindonesia/status/1785135329944781008","2160162570","dandanindonesia"
"1785133491006693554","Tue Apr 30 02:26:05 +0000 2024","0","Semenjak ada isu bonus bonus mah yakin banget indo bakal kalah Bonusnya gede banget lagi !! Tapi mau gimana Uzbek emang ngeri banget sih yang penting semua target udah terpenuhi tetap bangga lah ya tim debutan bisa tembus semifinal #indonesiaU23 #indonesiavsuzbekistan","1785133491006693554","","","in","Yogyakarta, Indonesia","0","0","0","https://twitter.com/Herurhm/status/1785133491006693554","1299630404","Herurhm"
"1785132063479468133","Tue Apr 30 02:20:24 +0000 2024","0","Kalah Lawan Uzbekistan Garuda Muda Masih Berpeluang Tampil di Olimpiade Paris #Uzbekistan #GarudaMuda #Olimpiade2024Paris #Qatar #PialaAsiaU232024 #IndonesiaVSUzbekistan @TimnasIndonesia @pssi https://t.co/NgBtIJNhFU","1785132063479468133","","","in","","0","0","0","https://twitter.com/sinpotv/status/1785132063479468133","1012174601055449088","sinpotv"
"1785132017773871558","Tue Apr 30 02:20:13 +0000 2024","0","Satu kata buat wasit SHEN YINHAO yg memimpin laga #indonesiavsuzbekistan #AFCU23AsianCup #GarudaJuara #TimnasDay","1785132017773871558","","","in","Bangkalan, Indonesia","0","0","0","https://twitter.com/ociem_86/status/1785132017773871558","1709447052726263808","ociem_86"
"1785130143901741123","Tue Apr 30 02:12:47 +0000 2024","3","Berikut ini beberapa keputusan kontroversial wasit Shen Yinhao dalam pertandingan Indonesia vs Uzbekistan U23. . Selengkapnya di https://t.co/u9uXAzY8Nj . #wasit #PialaAsiaU23 #IndonesiavsUzbekistan #semifinalPialaAsiaU23 #ShenYinhao #indonesiavsuzbekistanu23 #indonesia https://t.co/6lNZNWvuHW","1785130143901741123","https://pbs.twimg.com/media/GMYOYNqbkAAHeG6.jpg","","in","Indonesia","0","0","0","https://twitter.com/pikiran_rakyat/status/1785130143901741123","58880688","pikiran_rakyat"
"1785126297901158514","Tue Apr 30 01:57:30 +0000 2024","0","Ketik Reg Spasi 111 utk mengadakan elite room bersama wasit China!! #TimnasDay #eliteroom #indonesiavsuzbekistan https://t.co/E3ELmqOKBw","1785126297901158514","https://pbs.twimg.com/media/GMYK6HdaUAA3Plr.jpg","","in","Yogyakarta, Indonesia","0","0","0","https://twitter.com/NeooClarizens/status/1785126297901158514","1325704834696187914","NeooClarizens"
"1785120373668991420","Tue Apr 30 01:33:57 +0000 2024","7","Lu sayang Indonesia report ini orang abang abang Nanti gue bantu biar pada jp bang Nih akun instagram si wasit geblek https://t.co/bnE2oT2Y6n @SenderLabs #indonesiavsuzbekistan #yinh","1785120373668991420","","","in","","0","6","7","https://twitter.com/craftid12/status/1785120373668991420","1753481928546947074","craftid12"
"1785116931277959346","Tue Apr 30 01:20:16 +0000 2024","0","Kira-kira ada gak ya politisi pejabat PJ Kepala Daerah pejabat aktif yg sudah nyiapin narasi fafifu wasweswos kalau Indonesia (misalnya) menang tapi ga tahu nama lima orang (saja) pemain timnas kita? ️ cuma nanya #indonesiaU23 #indonesiavsuzbekistan","1785116931277959346","","","in","","0","0","0","https://twitter.com/andikkurniawan/status/1785116931277959346","80924545","andikkurniawan"
"1785114882192691433","Tue Apr 30 01:12:08 +0000 2024","1","Di satu sisi kita kecewa dgn keputusan wasit di lain sisi tidak ada masalah antara timnas atau suporter Indonesia dgn Uzbekistan. Indo dan Uzbek bukan musuh bebuyutan cuma kebetulan ketemu. Akhirnya tdk ada jalan selain menerima hasil dengan lapang dada. #indonesiavsuzbekistan","1785114882192691433","","","in","Indonesia","0","0","0","https://twitter.com/rossawahyu/status/1785114882192691433","91275455","rossawahyu"
"1785114770242486526","Tue Apr 30 01:11:41 +0000 2024","0","POV kaum warungan kopi: Konspirasi menjegal Indonesia menjadi negara maju. Kemenangan di sepak bola berpotensi mendorong semangat bangsa menjebol tembok penjara mental nya. ️ Tetep semangat GARUDA #indonesiaU23 #indonesiavsuzbekistan","1785114770242486526","","","in","","0","0","0","https://twitter.com/andikkurniawan/status/1785114770242486526","80924545","andikkurniawan"
"1785108345244029273","Tue Apr 30 00:46:09 +0000 2024","0","Kontroversi Wasit dan Kegagalan Indonesia dari Uzbekistan di Semifinal Piala Asia U-23: Timnas Indonesia harus menelan pil pahit setelah ditekuk Uzbekistan dengan skor 0-2 dalam laga semifinal https://t.co/R05lcUdor2 #Bola #TimnasIndonesia #pialaasiau23 #indonesiavsuzbekistan","1785108345244029273","","","in","Makassar, Indonesia","0","0","0","https://twitter.com/terkinidotid/status/1785108345244029273","123757780","terkinidotid"
"1785106053186867218","Tue Apr 30 00:37:03 +0000 2024","0","Apa yg terjadi semalam mungkin tak bisa d terima sebahgian besar suporter timans. Bukan tanpa alasan pembatalan goal tanpa info n bukti yg pasti memicu downnya mental skuad garuda. #indonesiavsuzbekistan #TimnasIndonesia","1785106053186867218","","","in","Makassar","0","0","0","https://twitter.com/dwijulika5791/status/1785106053186867218","266378483","dwijulika5791"
"1785102382009033056","Tue Apr 30 00:22:28 +0000 2024","0","Tandai wasitnya Indonesia vs Uzbekistan #AFCU23AsianCup #timnas #indonesiavsuzbekistan https://t.co/jZm4Irqyll","1785102382009033056","https://pbs.twimg.com/ext_tw_video_thumb/1785102307505655808/pu/img/JtkDDuP1HF4kzEVe.jpg","","in","Papua, Indonesia","0","0","0","https://twitter.com/BAYANICXII/status/1785102382009033056","1747965332378234880","BAYANICXII"
"1785094440950145149","Mon Apr 29 23:50:54 +0000 2024","0","Wkwkwkk buka sosmed nemu ini. Terima kasih Tim Garuda Indonesia #TimnasIndonesiaU23 #indonesiavsuzbekistan #Garuda https://t.co/uMWXqlJdYe","1785094440950145149","https://pbs.twimg.com/media/GMXtil7agAA6okm.jpg","","in","Indonesia ","0","0","0","https://twitter.com/GiyokAe/status/1785094440950145149","1538490191358619648","GiyokAe"
"1785092413964665277","Mon Apr 29 23:42:51 +0000 2024","0","Timnas U23 Uzbekistan lolos ke babak final Piala Asia U23 usai menang dalam pertandingan di babak semifinal antara Timnas Indonesia vs Uzbekistan U23 hari ini Senin 29 April 2024. #TimnasDay #SemiFinal #IndonesiavsUzbekistan #PialaAsiaU23 https://t.co/mh0B3b4Das","1785092413964665277","","","in","Banyumas Raya ","0","0","0","https://twitter.com/Portal_PWT/status/1785092413964665277","1315563908170608641","Portal_PWT"
"1785083199737188779","Mon Apr 29 23:06:14 +0000 2024","0","Kenapa ngga sekalian pecahin aja bijinya yak #U23AsianCup #indonesiavsuzbekistan https://t.co/jTpjZqxDXo","1785083199737188779","https://pbs.twimg.com/ext_tw_video_thumb/1785083178543357952/pu/img/XM0Yd1PGcpc0L-Z3.jpg","","in","DKI Jakarta, Indonesia","0","0","0","https://twitter.com/ALDYZAAAHHH/status/1785083199737188779","1629888093439541248","ALDYZAAAHHH"
"1785078825002643880","Mon Apr 29 22:48:51 +0000 2024","0","Testimoni jamaah: Umroh Dengan Travel Alfajr - ALFAJR UMROH &amp; HAJI PPIU No U-165 PIHK 499 Akreditasi A Info Paket &amp; Itinerary https://t.co/0OTJIhsrH3 Struick Qatar Bea Cukai Arhan #AFCU23AsianCup Offside Sananta FIFA Jerome Kalah #indonesiavsuzbekistan Madinah Makkah Umrah https://t.co/NpckxWGcvo","1785078825002643880","https://pbs.twimg.com/ext_tw_video_thumb/1785078779939000320/pu/img/wqaca8shMVQRHIpv.jpg","","in","","0","0","0","https://twitter.com/umrohalfajr/status/1785078825002643880","1487245345901858821","umrohalfajr"
"1785076284500120013","Mon Apr 29 22:38:45 +0000 2024","0"," Timnas indonesia klo udh viral biasanya bakal kalah Karena pemain timnas blm punya kapabilitas yg cukup utk menahan semua harapan dari masyarakatnya. Masyrakat indonesia itu fomo gk ngerti bola gk menikmati bola tpi karna viral langsung jdi pakar bola! #indonesiavsuzbekistan","1785076284500120013","","","in","","0","0","0","https://twitter.com/arianrizal0/status/1785076284500120013","1421140408902459396","arianrizal0"
"1785076120104120502","Mon Apr 29 22:38:06 +0000 2024","0","Saat Timnas Indonesia U23 Vs Uzbekistan 0-2 IMasih Ada Harapan di Olimpade Paris 2024 #indonesiavsuzbekistan https://t.co/aJLSSNkxqd","1785076120104120502","","","in","Kebayoran Lama, Indonesia","0","0","0","https://twitter.com/disway_id/status/1785076120104120502","1504683416314585090","disway_id"
"1785010946056053237","Mon Apr 29 18:19:08 +0000 2024","0","Pasti yang ngehujat jerome polin pendukung 02 #jeromepolin #indonesiaU23 #indonesiavsuzbekistan","1785010946056053237","","","in","","0","0","0","https://twitter.com/apaajab657/status/1785010946056053237","1740750295955808256","apaajab657"
"1785010447135203399","Mon Apr 29 18:17:09 +0000 2024","0","tetep semangat indonesia !!! #indonesiavsuzbekistan #indonesiaU23 #indoviral https://t.co/G85YdVqavJ","1785010447135203399","https://pbs.twimg.com/ext_tw_video_thumb/1785010231455703044/pu/img/PVHJepagvhGqhI3J.jpg","","in","dihatimu","0","0","0","https://twitter.com/zha_a7x/status/1785010447135203399","259459137","zha_a7x"
"1785009108644663374","Mon Apr 29 18:11:50 +0000 2024","3","Tapi uzbekistan emang bagus sich tadi brp kali tipis kena tiang Kasian Ridho yg kartu merah Anyway busway Timnas Indonesia udah keren moga dpt juara 3 &amp; lolos olimpiade Paris. 🇮🇩️ #TimnasDay #indonesiavsuzbekistan #indonesiaU23 #AFCU23 #AsianCupU23 #GarudaMendunia https://t.co/HwrKl5TFPu","1785009108644663374","https://pbs.twimg.com/media/GMWgUkAa4AEQ7rW.jpg","","in","Semarang, Jawa Tengah","0","0","1","https://twitter.com/ForzaDonnaa/status/1785009108644663374","1221432940057354240","ForzaDonnaa"
"1785008849008857502","Mon Apr 29 18:10:48 +0000 2024","0","#AFCU23AsianCup Aku bangga kepada Team Garuda U23 Aku bangga kepada Coach Shin Tae-yong Stage Semi Finals adalah prestasi terbaik yang pernah kita capai Garuda di dadaku #kalah #KALAH #indonesiavsuzbekistan https://t.co/DwEZVIlhvS","1785008849008857502","https://pbs.twimg.com/media/GMWgFn6aEAIc1jT.jpg","","in","Jombang, Jawa Timur, Indonesia","0","0","0","https://twitter.com/wintropicale/status/1785008849008857502","1334195907122716677","wintropicale"
"1784890417848221958","Mon Apr 29 18:07:33 +0000 2024","0","@tanyakanrl Fbi aja sungkem Sama netizen indo apalagi wasit #indonesiavsuzbekistan *eh mon maap masih kebawa kesel* ","1785008031987851585","","tanyakanrl","in","Haurgeulis Jawa Barat ","0","0","0","https://twitter.com/Nyaisanak/status/1785008031987851585","1118463774","Nyaisanak"
"1785007810365022650","Mon Apr 29 18:06:40 +0000 2024","1","Alun-alun Kidul sebuah ikon budaya di Yogyakarta menawarkan pengalaman yang memikat bagi pengunjung dari berbagai latar belakang. #QueenOfTears #마에스트로_세븐틴의_지휘에_맞춰 #viralvideo #HEYA #XUV3XO #MainaAndKingangi #Timnas #indonesiavsuzbekistan #indonesiaU23 https://t.co/0yWTWEB11Q","1785007810365022650","https://pbs.twimg.com/ext_tw_video_thumb/1785007738009083904/pu/img/z-LOs06uawcajNib.jpg","","in","Daerah Istimewa Yogyakarta","0","0","0","https://twitter.com/wisatadjogjacom/status/1785007810365022650","1719346529549639680","wisatadjogjacom"
"1785006840553857026","Mon Apr 29 18:02:49 +0000 2024","0","ini link ig nya si wasiiiiiiit beleguuuug Var sialan seraaang ig nya netizen https://t.co/cffbifeNro #arhanpratama #indonesiavsuzbekistan #QueenOfTears #jerome #TimnasDay","1785006840553857026","","","in","Jakarta Pusat, DKI Jakarta","0","0","0","https://twitter.com/adabangjago/status/1785006840553857026","432511281","adabangjago"
"1785006607065288780","Mon Apr 29 18:01:53 +0000 2024","0","SAVE! Ernando Ari selamatkan bola sepakan Odilov #viralvideo #indonesiavsuzbekistan #BOLA #proplay88 https://t.co/YlsA2yedHP","1785006607065288780","https://pbs.twimg.com/ext_tw_video_thumb/1785006525628768256/pu/img/fvGJryTE2npj18TF.jpg","","in","","0","0","0","https://twitter.com/ProPlay230661/status/1785006607065288780","1728578208315191296","ProPlay230661"
"1785006451636965671","Mon Apr 29 18:01:16 +0000 2024","1","Doa nya jangan lupa #indonesiavsuzbekistan https://t.co/RK5CClWZDi","1785006451636965671","https://pbs.twimg.com/media/GMWd6Goa4AIo6Wh.jpg","","in","Indonesian ","0","0","0","https://twitter.com/zahara0_a/status/1785006451636965671","1610242867443953665","zahara0_a"
"1785005623442333745","Mon Apr 29 17:57:59 +0000 2024","0","Hemmmm lagi dan lagi Wasit dari thailand @SenderLabs #indonesiavsuzbekistan #indonesiaU23 #indonesiavsuzbekistan #pialaasiau23 #마에스트로_세븐틴의_지휘에_맞춰 https://t.co/oMMKnx8s25","1785005623442333745","https://pbs.twimg.com/media/GMWdIaaa4AIrhqJ.jpg","","in","DKI Jakarta, Indonesia","0","0","0","https://twitter.com/Yishunshin007/status/1785005623442333745","1738946487974043648","Yishunshin007"
"1785005104829280739","Mon Apr 29 17:55:55 +0000 2024","0","Puas banget ngetawain ini tendang aja kontolny biar mampus #TimnasDay #indonesiavsuzbekistan https://t.co/brbGDSZBog","1785005104829280739","https://pbs.twimg.com/ext_tw_video_thumb/1785005034176176130/pu/img/7oQZSKn9j9V8XOLM.jpg","","in","","0","0","0","https://twitter.com/Linlin_0612/status/1785005104829280739","1115109504075493376","Linlin_0612"
"1785004907323646038","Mon Apr 29 17:55:08 +0000 2024","1","#indonesiavsuzbekistan aftermath genderuwo yang membantu timnas sudah berusaha yang terbaik tendangan uzbekistan banyak yg kena gawang hanya saja kutukan jerome terlalu kuat sehingga indonesia mengalami kebobolan 2x https://t.co/QoCjaZ4fEF","1785004907323646038","https://pbs.twimg.com/media/GMWcc-Ea4AAztdU.jpg","","in","Bandung, Jawa Barat","0","0","0","https://twitter.com/chomkesaur/status/1785004907323646038","1669322766968037377","chomkesaur"
"1785004309119373728","Mon Apr 29 17:52:45 +0000 2024","1","Cukup mendukung dan jangan menghujat karena kamu tidak tahu betapa susahnya berada di lapangan. GARUDA MUDA INDONESIA AKU PADAMU !!!! 🇮🇩🇮🇩️‍️‍️‍ #indonesiavsuzbekistan","1785004309119373728","","","in","","0","0","0","https://twitter.com/_aproarah/status/1785004309119373728","539209299","_aproarah"
"1785004142408425712","Mon Apr 29 17:52:05 +0000 2024","0","haha sorry aku sama teman-teman ku ngakak banget lihat ini bisa-bisanya videonya ngelag waktu nendang itu astaga pasti sakit nya makin wahhh itu #indonesiavsuzbekistan #TimnasIndonesia https://t.co/GCMVeNTn9v","1785004142408425712","https://pbs.twimg.com/media/GMWby7Ea4AQ4CVI.jpg","","in","","0","0","0","https://twitter.com/its_qila/status/1785004142408425712","1476559759591366656","its_qila"
"1785004097705480297","Mon Apr 29 17:51:55 +0000 2024","0","jatoh mulu mau punya adek kali? #indonesiavsuzbekistan #indonesiaU23","1785004097705480297","","","in","Tangerang, Indonesia","0","0","0","https://twitter.com/itsrikamlyaa/status/1785004097705480297","1347439031651495939","itsrikamlyaa"
"1785003967837299097","Mon Apr 29 17:51:24 +0000 2024","0","NOOOO BIJI GUAAAA #indonesiaU23 #indonesiavsuzbekistan IndonesiavsVAR #shenyinhao #AFCU23AsianCup https://t.co/GFz6343lqb","1785003967837299097","https://pbs.twimg.com/media/GMWbpkIbIAAcC9w.jpg","","in","Kota Bukittinggi, Sumatera Bar","0","0","0","https://twitter.com/noazxyo/status/1785003967837299097","1478917407288659972","noazxyo"
"1785003951017922709","Mon Apr 29 17:51:20 +0000 2024","0","pdhl sdh selebrasi tp ternyata.... 0-2 smgt timnas u-23 #AsianCupU23 #Timnas #indonesiavsuzbekistan https://t.co/h1dJLtcEVC","1785003951017922709","https://pbs.twimg.com/ext_tw_video_thumb/1785003909582610432/pu/img/HicekoaTGvOtkry-.jpg","","in","Kota Makassar, Sulawesi Selata","0","0","0","https://twitter.com/fallforyoula/status/1785003951017922709","1431274324908904450","fallforyoula"
"1785003753990709692","Mon Apr 29 17:50:33 +0000 2024","1","PECAH TUH BIJI AKWKAK Indonesia Uzbekistan KARTU MERAH shenyinhao kont** #indonesiavsuzbekistan #AFCU23AsianCup #kartumerah #kalah #wasit https://t.co/5jexgSO9aF","1785003753990709692","https://pbs.twimg.com/ext_tw_video_thumb/1785003656909348866/pu/img/OLvHJdp0S4wds1Pd.jpg","","in","Kota Bukittinggi, Sumatera Bar","0","0","0","https://twitter.com/noazxyo/status/1785003753990709692","1478917407288659972","noazxyo"
"1785002985162203287","Mon Apr 29 17:47:30 +0000 2024","3","tetap bangga sm Timnas 🇮🇩 siapin yuk utk pertandingan selanjutnya #TimnasDay #TimnasIndonesia #Timnas #AFCU23AsianCup #indonesiavsuzbekistan","1785002985162203287","","","in","Thailand","0","0","0","https://twitter.com/februar_ry/status/1785002985162203287","383298309","februar_ry"
"1785002076017426462","Mon Apr 29 17:43:53 +0000 2024","2","Indonesia terlalu hebat untuk dikalahkan. Kalau memang uzbe hebat kenapa harus takut dengan mengimingi wasit bukan begitu ? #AsianCupU23 #indonesiaU23 #indonesiavsuzbekistan Tetap menyala garuda didadaku 🇮🇩️‍ https://t.co/O8zIA1YKjw","1785002076017426462","https://pbs.twimg.com/media/GMWZ7amaEAA6EEP.jpg","","in","","0","0","0","https://twitter.com/_aproarah/status/1785002076017426462","539209299","_aproarah"
"1785001706486686101","Mon Apr 29 17:42:25 +0000 2024","0","UZB badan doang gede di senggol dikit dah mleyot kek yupi -_- #savearhan #indonesiavsuzbekistan","1785001706486686101","","","in","Malang, Jawa Timur","0","0","0","https://twitter.com/syah18_/status/1785001706486686101","1056489985933631488","syah18_"
"1785001531835867227","Mon Apr 29 17:41:43 +0000 2024","0","gaisss ternyata indo sengaja kalah supaya bisa ngalahin pemenang WC 2018 2022 Aamiin Alhamdulillah #indonesiavsuzbekistan https://t.co/sE2Zbyc1eG","1785001531835867227","https://pbs.twimg.com/media/GMWZbsWaEAE9hhX.jpg","","in","Konoha","0","0","0","https://twitter.com/shthfckgu/status/1785001531835867227","1425536348560125958","shthfckgu"
"1785000346634608988","Mon Apr 29 17:37:00 +0000 2024","0","Entah apalah wasit bodoh satu ini #indonesiavsuzbekistan https://t.co/GsWnD8fXra","1785000346634608988","https://pbs.twimg.com/media/GMWYWZxaMAAT7OY.jpg","","in","Kota Batam, Kepulauan Riau","0","0","0","https://twitter.com/wahyuindrasakti/status/1785000346634608988","1956469254","wahyuindrasakti"
"1785000302573392223","Mon Apr 29 17:36:50 +0000 2024","0","Menang kalah tetap bangga Indonesia 🇮🇩 #TimnasDay #TimnasIndonesia #Timnas #AFCU23AsianCup #indonesiavsuzbekistan","1785000302573392223","","","in","London, England","0","0","0","https://twitter.com/Luqman_aziez/status/1785000302573392223","1724558455","Luqman_aziez"
"1785000197510324502","Mon Apr 29 17:36:25 +0000 2024","0","Ktiduran gk nnton bola. Indonesia kalah ya dn gk bisa masuk ke final hmm yaudah gpp. Tp pnsran Gimana seru gk? ktany wasit nya kurang seru yaa Untuk timnas Indonesia ttap smangat klian sdah mlkukan yg trbaik mlam ini. Jiayou 🇮🇩 #Timnas #indonesiaU23 #indonesiavsuzbekistan https://t.co/xRRh4h6jth","1785000197510324502","https://pbs.twimg.com/media/GMWYNgVaEAAh4Rv.jpg","","in","at home, sweet home","0","0","0","https://twitter.com/Ly_ahran/status/1785000197510324502","1258779225969946625","Ly_ahran"
"1784999389750288646","Mon Apr 29 17:33:12 +0000 2024","0","Secara Permainan emang Indonesia kalah jauh dari Uzbek. Jadi gausah melebar sana-sini. Mari tidur istrhat. Semangat Indonesia. #indonesiavsuzbekistan #indonesiaU23","1784999389750288646","","","in","Jakarta Timur, DKI Jakarta","0","0","0","https://twitter.com/anselmallofiks/status/1784999389750288646","844863871114403840","anselmallofiks"
"1784999268945944884","Mon Apr 29 17:32:44 +0000 2024","0","yang salah bukan arhan bukan risky bukan siapa siapa yang salah tuh wasitnya anjing babi tai shibal sekiya jinja #arhan #indonesiavsuzbekistan","1784999268945944884","","","in","","0","0","0","https://twitter.com/aegyoozh/status/1784999268945944884","1376378684408426503","aegyoozh"
"1784998659991670817","Mon Apr 29 17:30:18 +0000 2024","1","Gapapa meskipun sambil yaallah yaallah #TimnasIndonesia #shenyinhao #indonesiavsuzbekistan https://t.co/w6JVGU8x1Y","1784998659991670817","https://pbs.twimg.com/media/GMWW0M7a4AAeG2L.jpg","","in","","0","0","0","https://twitter.com/b_ambyar/status/1784998659991670817","1617493773285732353","b_ambyar"
"1784998442277933150","Mon Apr 29 17:29:26 +0000 2024","2","Turut berduka cita atas hilangnya masa depan Si Syarip #Indonesia #AFCU23 #indonesiavsuzbekistan https://t.co/dXl3sMV9ia","1784998442277933150","https://pbs.twimg.com/ext_tw_video_thumb/1784998417967800320/pu/img/dPv3-5ug8tvjt6pW.jpg","","in","","0","0","0","https://twitter.com/Aamon_1/status/1784998442277933150","1544286433757736960","Aamon_1"
"1784998426012475622","Mon Apr 29 17:29:23 +0000 2024","0","kita balas di liga dangdut . . . . #AFCU23AsianCup #TimnasDay #TimnasIndonesia #indonesiavsuzbekistan https://t.co/2hwYgcADHM","1784998426012475622","https://pbs.twimg.com/ext_tw_video_thumb/1784998405217173504/pu/img/_6RD_e45jDBPSS84.jpg","","in","EARTH 6969","0","0","0","https://twitter.com/MIX3DRACE/status/1784998426012475622","271860985","MIX3DRACE"
"1784997720656371932","Mon Apr 29 17:26:34 +0000 2024","4","Dia jatoh sendiri kena angin #AFCU23AsianCup #TimnasIndonesia #TimnasDay #KitaGaruda #GarudaMendunia #IndonesiavsUzbekistan #PialaAsiaU232024 #PialaAsiaU232024diVisionPlus #VisionPlusSports https://t.co/TUhcqkaGPY","1784997720656371932","https://pbs.twimg.com/ext_tw_video_thumb/1784997552800325633/pu/img/AOgIetKBStPGMp4U.jpg","","in","Indonesia","1","4","3","https://twitter.com/visionplusid/status/1784997720656371932","2208878604","visionplusid"
"1784996686689132589","Mon Apr 29 17:22:28 +0000 2024","1","Wasit Shen Yinhao Batalkan Penalti &amp; Anulir Gol Ferarri; Mental Timnas Indonesia Ngedrop Uzbekistan ke Final https://t.co/Vm0H0RyEIK #TimnasDay #TimnasIndonesiaU23 #indonesiavsuzbekistan #TimnasDaylive #AFCU23AsianCup #wasit #ShenYinhao #Thailand #pialaasiau23 #football #BOLA","1784996686689132589","","","in","Kuningan, Jawa Barat","0","0","1","https://twitter.com/PR_Kuningan/status/1784996686689132589","1337831150287384576","PR_Kuningan"
"1784994646273257613","Mon Apr 29 17:14:21 +0000 2024","1","Gak denial ko pas Rizki Ridho kartu merah.. krna itu emg fatal bgt. Maksud gua org mah yg kenceng begee ridho~~ kurengg itu kurenggg #TimnasDay #IndonesiaVSUzbekistan","1784994646273257613","","","in","Tangerang, Indonesia","0","0","0","https://twitter.com/ur_cayy01/status/1784994646273257613","1035097831231520770","ur_cayy01"
"1784993413110313396","Mon Apr 29 17:09:27 +0000 2024","1","SATU KATA UNTUK WASIT INI????? #AFCU23AsianCup #TimnasIndonesia #TimnasDay #KitaGaruda #GarudaMendunia #IndonesiavsUzbekistan #PialaAsiaU232024 #PialaAsiaU232024diVisionPlus #VisionPlusSports https://t.co/QoqNIxAAoo","1784993413110313396","https://pbs.twimg.com/media/GMWSCHsaEAApo4O.jpg","","in","Indonesia","0","4","1","https://twitter.com/visionplusid/status/1784993413110313396","2208878604","visionplusid"
"1784991796579459339","Mon Apr 29 17:03:02 +0000 2024","1","Udah ketebaaak. Walau goal Indo ini emang off side tapi selama pertandingan wasitnya emang berat sebelah. Wasit utama wasit VAR sama aja lu padaaa . #indonesiaU23 #indonesiavsuzbekistan #wasit #wasitVAR #curang https://t.co/0mWNmdkuB5","1784991796579459339","https://pbs.twimg.com/ext_tw_video_thumb/1784991591108894723/pu/img/LWC1UijLNqTTfwCe.jpg","","in","","0","0","0","https://twitter.com/veerikha/status/1784991796579459339","1517910490868948992","veerikha"
"1784990374928507318","Mon Apr 29 16:57:23 +0000 2024","0","JUSTIN NGAMUK! PACARKU NGAMUK!! GAPAPA NGAMUK AJA BEB.. AKU SUPPORT!! #TimnasDay #IndonesiaVSUzbekistan https://t.co/q4iOhwU79A","1784990374928507318","https://pbs.twimg.com/media/GMWPSVFaEAIYJsC.jpg","","in","Tangerang, Indonesia","0","0","0","https://twitter.com/ur_cayy01/status/1784990374928507318","1035097831231520770","ur_cayy01"
"1784987912448381118","Mon Apr 29 16:47:36 +0000 2024","1","Satu kata buat ni orang #indonesiaU23 #indonesiavsuzbekistan #shenyinhao https://t.co/L2xNZ84Klm","1784987912448381118","https://pbs.twimg.com/media/GMWNC6naEAA_1vE.jpg","","in","","0","0","0","https://twitter.com/LZibir/status/1784987912448381118","1713451186781872129","LZibir"
"1784987592896942473","Mon Apr 29 16:46:20 +0000 2024","1","Pesan untuk wasit mewakili Netijen Indonesia dari Sabang sampai Merauke #wasit #TimnasDay #TimnasIndonesiaU23 #garudamuda #AFCU23AsianCup #indonesiaU23 #indonesiavsuzbekistan https://t.co/0ydvJ9oHR2","1784987592896942473","https://pbs.twimg.com/ext_tw_video_thumb/1784987555915816960/pu/img/5AaGZEQbV5dFe699.jpg","","in","Freeyork 🔥 Coconut Ivory 🌴","0","0","0","https://twitter.com/MaxJo777/status/1784987592896942473","1608943910134464512","MaxJo777"
"1784986243467763717","Mon Apr 29 16:40:58 +0000 2024","0","Selama ini gak pernah ikutan bully org online. Tp kali ini gemes banget. GUE KAYAKNYA NEMU AKUN #WASIT VAR Indo vs Uzbek. Wasit VAR tuh yg liat monitor buat ngecek. Gue gak ikutan tp GUE DUKUNG KALIAN KLO MAU HAJAR . #indonesiavsuzbekistan #nobar #wasit #curang #indonesiaU23 https://t.co/697nixk1CD","1784986243467763717","https://pbs.twimg.com/media/GMWLhjUa4AMTTBw.jpg","","in","","0","0","0","https://twitter.com/veerikha/status/1784986243467763717","1517910490868948992","veerikha"
"1784984922392027464","Mon Apr 29 16:35:43 +0000 2024","0","Wasitttttttt anjengggggg ga adil bangeet bangsat #indonesiavsuzbekistan","1784984922392027464","","","in","","0","0","0","https://twitter.com/Deevana_Story/status/1784984922392027464","1492928703424495616","Deevana_Story"
"1784983881080508511","Mon Apr 29 16:31:35 +0000 2024","0","Kesel bgt sm wasit varnya thailand punya dendam apa sih dr pas indonesia vs qatar ngerecokin wasit mulu. Mana Tetangga gw gk ada yg org thailand lg mau buat bantalan emosi . Luapin ke si towel aja apa ya #indonesiavsuzbekistan #pialaasiau23","1784983881080508511","","","in","","0","0","0","https://twitter.com/ardiardie79/status/1784983881080508511","1750347170497388544","ardiardie79"
"1784982905078555004","Mon Apr 29 16:27:42 +0000 2024","0","Indonesia dikalahkan oleh Uzbekistan plus China sentris Shen yinhow #indonesiavsuzbekistan @afcasiancup https://t.co/1A2gKt0D1g","1784982905078555004","https://pbs.twimg.com/media/GMWIfauaIAAbsBJ.jpg","","in","Tebet, Indonesia","0","0","1","https://twitter.com/sumpanto/status/1784982905078555004","1605195051084435457","sumpanto"
"1784982880218984612","Mon Apr 29 16:27:36 +0000 2024","0","Satu kata buat wasit! #AFCU23AsianCup #offside #kartumerah #Wasit #Timnas #TimnasDay #TimnasIndonesiaU23 #TimnasU23 #indonesiavsuzbekistan #PialaAsiaU23 #wasit https://t.co/P8fbtQBdpo","1784982880218984612","https://pbs.twimg.com/media/GMWIQ4zaEAA-wjN.jpg","","in","","0","0","0","https://twitter.com/ProSerang/status/1784982880218984612","1567133173477437440","ProSerang"
"1784981937385566599","Mon Apr 29 16:23:51 +0000 2024","1","Kapan lo percaya kalau kutukan Jerome itu nyata? Me : pas Indonesia vs Uzbekistan tadi baru percaya kutukan Jerome itu nyata. #indonesiavsuzbekistan @afcasiancup #jerome https://t.co/bJfHgaXDv2","1784981937385566599","https://pbs.twimg.com/media/GMWHnPSbcAAlVwL.jpg","","in","","0","0","0","https://twitter.com/Ravons437963/status/1784981937385566599","1653005071750402048","Ravons437963"
"1784981651526922323","Mon Apr 29 16:22:43 +0000 2024","0","Gol bunuh diri Arhan menambah kemenangan Uzbekistan menjadi 2-0 Atas Indonesia #indonesiavsuzbekistan https://t.co/IMoZhanSfG","1784981651526922323","https://pbs.twimg.com/media/GMWHWj_akAEmesU.jpg","","in","Tebet, Indonesia","0","0","1","https://twitter.com/sumpanto/status/1784981651526922323","1605195051084435457","sumpanto"
"1784981624549167592","Mon Apr 29 16:22:37 +0000 2024","0","indonesia vs uzbekistan yang menang masa lalunya #indonesiavsuzbekistan","1784981624549167592","","","in","","0","0","0","https://twitter.com/urd1ll4/status/1784981624549167592","1769183004130476032","urd1ll4"
"1784981591925928320","Mon Apr 29 16:22:29 +0000 2024","0","timnas uzbekh abis ini mau nyanyi lagu AESPA️ #Drama #Shenyinhao #indonesiavsuzbekistan https://t.co/tsrGNzvDdY","1784981591925928320","https://pbs.twimg.com/ext_tw_video_thumb/1784981559411679232/pu/img/tANVc2sP54t0uAEq.jpg","","in","Yogyakarta, Indonesia ","0","0","0","https://twitter.com/mcqueenuk3/status/1784981591925928320","1247547619183693826","mcqueenuk3"
"1784981562775470509","Mon Apr 29 16:22:22 +0000 2024","1","Wkkwkw #indonesiavsuzbekistan https://t.co/uSoQZm12th","1784981562775470509","https://pbs.twimg.com/media/GMWHRZibQAAnv9X.jpg","","in","","0","0","0","https://twitter.com/nyenderpundak/status/1784981562775470509","1073802572790562816","nyenderpundak"
"1784981562410545314","Mon Apr 29 16:22:22 +0000 2024","0","Plis untuk wasit profesional nan jago coba perhatikan gol Ferrari itu apakah real Offside Sananta? Apa keputusan wasit kontolllllll asal China itu sudah tepat? Beserta penjaga VAR kontoversi itu #AFCU23 #AFCU23AsianCup #VAR #indonesiavsuzbekistan #Indonesia","1784981562410545314","","","in","Bulukumba, South Celebes","0","0","0","https://twitter.com/asal_kauji/status/1784981562410545314","2743882272","asal_kauji"
"1784981512351613163","Mon Apr 29 16:22:10 +0000 2024","0","Terimakasih telah berjuang Timnas ku🇮🇩️ kami bangga terhadap mu ini adalah pencapaian terbesar dalam sejarah sepakbola kita mari berbenah dan teruslah berjuang demi Garuda terbang tinggi lagi #TimnasDay #AFCU23 #indonesiavsuzbekistan #jerome #wasit #Uzbek","1784981512351613163","","","in","","0","0","0","https://twitter.com/apluslima/status/1784981512351613163","1684551631084597249","apluslima"
"1784981443883725293","Mon Apr 29 16:21:54 +0000 2024","0","Terimakasih wasit Atas kebahagiaan yg hanya sesat Lalu kau ubah menjadi kesedihan Selamat kita sedang diprank #indonesiavsuzbekistan #viralvideo #garudamuda #TimnasIndonesiaU23 #AFCU23AsianCup","1784981443883725293","","","in","","0","0","0","https://twitter.com/Idhin91/status/1784981443883725293","1248257489801367555","Idhin91"
"1784981419544154315","Mon Apr 29 16:21:48 +0000 2024","1","Dah cocok belom kalo profil begini #indonesiavsuzbekistan #shenyihao #wasit #AFCU23 https://t.co/pL5mCUqswR","1784981419544154315","https://pbs.twimg.com/media/GMWHJCRaIAAqcuB.jpg","","in","","0","1","0","https://twitter.com/Hksgnnn/status/1784981419544154315","1718839024721530880","Hksgnnn"
"1784981413156044819","Mon Apr 29 16:21:46 +0000 2024","0","sadly bung towel ada benarnya; malam ini magis permainan gaya La Masia dihancurkan gameplan spartan ala Atalanta Spill dari coach Arab Saudi seakan mubazir tak berguna kayaknya terlalu cepat menyetujui kontrak baru buat sty? Bisa jadi terburu euforia #indonesiavsuzbekistan","1784981413156044819","","","in","","0","0","0","https://twitter.com/yeahyeah2563995/status/1784981413156044819","1746211415487299584","yeahyeah2563995"
"1784981254905225584","Mon Apr 29 16:21:09 +0000 2024","1","Penalti dak dikasih gol dianulir dan kartu merah ke kapten. Terima kasih wasit. Anda bertugas sangat adil. #AFCU23AsianCup #WasitGoblok #KalahOlehVAR #IndonesiavsUzbekistan #STY","1784981254905225584","","","in","","0","0","0","https://twitter.com/awanxbaia/status/1784981254905225584","108255807","awanxbaia"
"1784981233535234217","Mon Apr 29 16:21:04 +0000 2024","0","Abis ini wasit nya cek ig berkala #indonesiavsuzbekistan","1784981233535234217","","","in","Yogyakarta, Indonesia","0","0","0","https://twitter.com/salsaraa1/status/1784981233535234217","1331385099166781442","salsaraa1"
"1784981177616711716","Mon Apr 29 16:20:50 +0000 2024","0","infokan ke beliau di tunggu di olimpiade paris yaw GO #GarudaJuara #garudamuda #indonesiavsuzbekistan https://t.co/DUF2hEAWYs","1784981177616711716","https://pbs.twimg.com/media/GMWG6bCbgAAVI5h.jpg","","in","","0","0","0","https://twitter.com/RossiuUkraina/status/1784981177616711716","1569215422691704833","RossiuUkraina"
"1784981171006570649","Mon Apr 29 16:20:49 +0000 2024","0","Ya wis lah kalah pancene Lur. Semangat perebutan tempat ketiga yoooooo. #indonesiavsuzbekistan #Indonesia #wasitjancuk","1784981171006570649","","","in","","0","0","0","https://twitter.com/Deny466/status/1784981171006570649","1100940180091953152","Deny466"
"1784981151645679890","Mon Apr 29 16:20:44 +0000 2024","0","Timnas kalah terhormat menurut gue karena terlalu banyak kontroversi dan indonesia malam ini layak menang si parahhh defense nya powerfull malem ini. #TimnasDay #pialaasiau23 #indonesiavsuzbekistan","1784981151645679890","","","in","","0","0","0","https://twitter.com/Irfamuzk/status/1784981151645679890","1469557899374456833","Irfamuzk"
"1784981027938865632","Mon Apr 29 16:20:15 +0000 2024","2","Seandainya aja nihh : - kaki sanantha gak maju dikit - rizky ridho ngga kartu merah - arhan ga bundir ke gawang lawan Pasti skor sama 1-1 🇲🇨 Seandainya doang yaaahh hehe Tapi indo udh keren kok udah sampe semifinal 🇲🇨 #TimnasDay #u23 #indonesiavsuzbekistan #AFCU23AsianCup","1784981027938865632","","","in","","0","1","0","https://twitter.com/nasixxasin/status/1784981027938865632","1289461225126948864","nasixxasin"
"1784981008057765935","Mon Apr 29 16:20:10 +0000 2024","0","Terimakasih atas perjuangan adek2 @PSSI U23 dan Tiang gawang yang saya cintai... malam ini walaupun kalian gagal tapi penampilan kalian sejauh ini patut diacungi jempol #TimnasDay #indonesiavsuzbekistan","1784981008057765935","","","in","","0","0","1","https://twitter.com/amed_jow/status/1784981008057765935","110753341","amed_jow"
"1784980993230954550","Mon Apr 29 16:20:06 +0000 2024","0","Tegakkan kepala kalian wahai pahlawan... kalian udah melebihi ekspektasi tidak pantas untuk tertunduk... bangkit lah garuda muda jelan ke paris masih sangat terbuka #TimnasDay #AFCU23AsianCup #indonesiavsuzbekistan","1784980993230954550","","","in","Jakarta, Pekalongan, Malang","0","0","0","https://twitter.com/iyoenx10/status/1784980993230954550","394752402","iyoenx10"
"1784980924586971287","Mon Apr 29 16:19:50 +0000 2024","0","Link Streaming Piala Asia U23 Timnas Indonesia 🇮🇩 VS Uzbekistan 🇺🇿 https://t.co/SlhxXyoqm9 https://t.co/QtFuItNABk https://t.co/rCvNDfCuN2 #timnasday #indonesiavsuzbekistan #indonesia #kitagaruda #pialaasiau23 #afcu23 https://t.co/SAyfzqLV5m","1784980924586971287","https://pbs.twimg.com/media/GMWGr6qbkAAvlv4.jpg","","in","","0","0","0","https://twitter.com/Zulfikarrr25276/status/1784980924586971287","1675185591556923393","Zulfikarrr25276"
"1784980835759948261","Mon Apr 29 16:19:29 +0000 2024","0","Sekali nonton king indo malah terpongkeng #timnas #indonesiavsuzbekistan","1784980835759948261","","","in","Bulukumba, Sulawesi Selatan","0","0","0","https://twitter.com/arwin_nasar/status/1784980835759948261","793472154327195648","arwin_nasar"
"1784980811646947513","Mon Apr 29 16:19:23 +0000 2024","2","Jadi teu hayang dahar koplok !!! Tapi nasgor mah hayu #indonesiavsuzbekistan","1784980811646947513","","","in","Milan, Lombardy","0","1","0","https://twitter.com/ilbanditomilano/status/1784980811646947513","1255548512936157184","ilbanditomilano"
"1784980777295552548","Mon Apr 29 16:19:15 +0000 2024","0","2-0 ceunah #TimnasIndonesiaU23 #TimnasDay #pialaasiau23 #indonesiavsuzbekistan","1784980777295552548","","","in","Jakarta Utara, DKI Jakarta","0","0","0","https://twitter.com/gf_sunghons/status/1784980777295552548","1581115207455485952","gf_sunghons"
"1784980736417657249","Mon Apr 29 16:19:05 +0000 2024","0","#indonesiavsuzbekistan APAAN ANJJJ PEMAIN NYA BANYAK DRAMA SIPALING TERSAKITI MENDING MAIN DI INDOSIAR AJA DAH TOLOL WASITNYA JGA KYA SILIT","1784980736417657249","","","in","","0","0","0","https://twitter.com/capekkJancok/status/1784980736417657249","1576507457865588736","capekkJancok"
"1784980723558137885","Mon Apr 29 16:19:02 +0000 2024","0","Akibat pemain terlalu berat menanggung beban poster pejabat di punggung #TimnasDay #TimnasIndonesia #indonesiavsuzbekistan","1784980723558137885","","","in","Kalimantan Barat, Indonesia","0","0","0","https://twitter.com/TryCah/status/1784980723558137885","101130570","TryCah"
"1784980715064774902","Mon Apr 29 16:19:00 +0000 2024","2","Sesedih sedihnya film hindia.. lebih sedih nasib #TimnasIndonesiaU23 #AFCU23AsianCup #indonesiavsuzbekistan #sintaeyong #TimnasU23 https://t.co/8cE31CMhj9","1784980715064774902","https://pbs.twimg.com/media/GMWGf-Ea8AAip-J.jpg","","in","*INDONESIA*","0","0","0","https://twitter.com/raya_muse/status/1784980715064774902","494106276","raya_muse"
"1784980712636174350","Mon Apr 29 16:18:59 +0000 2024","0","Respect timnas!!! Tetep semangat!!! #indonesiavsuzbekistan","1784980712636174350","","","in","","0","0","0","https://twitter.com/lastoriadetria/status/1784980712636174350","1444923233841696770","lastoriadetria"
"1784980707686990238","Mon Apr 29 16:18:58 +0000 2024","0","great struggle! it's oke @TimnasIndonesia kita bangga terimakasih sudah berjuang sampai sini terus terbang garuda!🇮🇩️ #indonesiavsuzbekistan #AFCU23AsianCup","1784980707686990238","","","in","","0","0","0","https://twitter.com/pfxxny_/status/1784980707686990238","1587086170244018179","pfxxny_"
"1784980506570117211","Mon Apr 29 16:18:10 +0000 2024","0","Skor Akhir Timnas U-23 Drama VAR Untungkan Uzbekistan Indonesia Gagal ke Final Piala Asia U-23 https://t.co/WYQHJ5OdO7 lewat @tribunnews #TimnasDay #TimnasIndonesia #TimnasU23 #Uzbekistan #AFCU23AsianCup #AFCU23 #indonesiavsuzbekistan","1784980506570117211","","","in","Balikpapan, Indonesia","1","0","0","https://twitter.com/tribunkaltim/status/1784980506570117211","103551225","tribunkaltim"
"1784980448755794232","Mon Apr 29 16:17:56 +0000 2024","0","Kesel bgt anjirrrr kata guamah lu kalo mau maen drama dramaan jan dilapangan cokk sono tuuuh maen ftv ajeee #TimnasDay #TimnasIndonesia #TimnasU23 #indonesiavsuzbekistan","1784980448755794232","","","in","Pangandaran, Indonesia","0","0","0","https://twitter.com/xxxxntsm/status/1784980448755794232","1517156313666449412","xxxxntsm"
"1784980441893933413","Mon Apr 29 16:17:55 +0000 2024","0","Kita tunggu video klasifikasinya️ #SportingCP #AsianCupU23 #wasit #indonesiavsuzbekistan #ball https://t.co/bzUj7Fnjr3","1784980441893933413","https://pbs.twimg.com/media/GMWGPliakAAvi29.jpg","","in","","0","0","0","https://twitter.com/mentalsenja_13/status/1784980441893933413","1676895964404260865","mentalsenja_13"
"1784980434314822021","Mon Apr 29 16:17:53 +0000 2024","1","nicetry patut di apresiasi bisa lolos ke semi-final #indonesiavsuzbekistan","1784980434314822021","","","in","","0","1","0","https://twitter.com/iamareeee/status/1784980434314822021","1045998604605779968","iamareeee"
"1784980405571170350","Mon Apr 29 16:17:46 +0000 2024","1","kami ingin menang dengan bangga kalah dengan adil! ga ASEAN ga ASIA dicurangi wasit mulu #indonesiavsuzbekistan #wasittai #AsianCupU23","1784980405571170350","","","in","","0","0","0","https://twitter.com/_ojaaannnn/status/1784980405571170350","1441702620129726476","_ojaaannnn"
"1784980400819101922","Mon Apr 29 16:17:45 +0000 2024","0","Wasit macam apa??? Satu emot #indonesiavsuzbekistan","1784980400819101922","","","in","Batavia","0","0","0","https://twitter.com/lestaridewitri/status/1784980400819101922","879606918","lestaridewitri"
"1784980390874419635","Mon Apr 29 16:17:43 +0000 2024","0","wasit anjing semuanya kaya anjinh #indonesiavsuzbekistan","1784980390874419635","","","in","","0","0","0","https://twitter.com/demiigod9/status/1784980390874419635","1515333892529868801","demiigod9"
"1784980343663312911","Mon Apr 29 16:17:31 +0000 2024","1","AFC tidak bisa menangani wasit yang merugikan salah satu tim #keluarDariAFC #TimnasDay #AFCU23AsianCup #indonesiavsuzbekistan","1784980343663312911","","","in","indonesia","0","0","0","https://twitter.com/ainul_rokhman/status/1784980343663312911","2352941528","ainul_rokhman"
"1784980297307844730","Mon Apr 29 16:17:20 +0000 2024","0","Udah berakhir #TimnasDay #TimnasIndonesia #indonesiavsuzbekistan #wasit #jerome #qatar #viralvideo #ViratKohli𓃵","1784980297307844730","","","in","Jawa Barat, Indonesia","0","0","0","https://twitter.com/dailytiwi/status/1784980297307844730","1733145006758912000","dailytiwi"
"1784980263963185268","Mon Apr 29 16:17:12 +0000 2024","1","Towel bgst pasti lagi seneng banget ini. #AFCU23AsianCup #indonesiavsuzbekistan https://t.co/yZBTgMh4Vd","1784980263963185268","https://pbs.twimg.com/media/GMWGFx_agAAQ3yG.jpg","","in","","0","0","0","https://twitter.com/Ravons437963/status/1784980263963185268","1653005071750402048","Ravons437963"
"1784980233902555286","Mon Apr 29 16:17:05 +0000 2024","1","It's oke timnas bisa masuk ke seperempat final juga udah mantap banget thankyou para player U23 udah bertahan sejauh ini dan untuk coach Shin Tae Yong 감사합니다. #TimnasDay #AFCU23AsianCup #TimnasIndonesia #wasit #shintaeyong #indonesiavsuzbekistan","1784980233902555286","","","in","Sumatera Utara, Indonesia","0","0","0","https://twitter.com/WilliamSielim/status/1784980233902555286","1412649737526804482","WilliamSielim"
"1784980191070331321","Mon Apr 29 16:16:55 +0000 2024","0","Bagi saya kalian JUARA dan PEMENANGNYA #TimnasU23 #garudamuda #indonesiavsuzbekistan #Indonesia #wasit #wasitjancok #wasitrampok #wasitbangsat","1784980191070331321","","","in","Malang, Jawa Timur","0","0","0","https://twitter.com/YAlghoof/status/1784980191070331321","1262639276056956930","YAlghoof"
"1784980134531072263","Mon Apr 29 16:16:42 +0000 2024","0","Pasti ada yang pertama kali nonton full siaran tapi sesekalinya nonton Indonesia eh kalah #TimnasDaylive #indonesiavsuzbekistan","1784980134531072263","","","in","","1","0","0","https://twitter.com/Uouo_Nomi/status/1784980134531072263","1060317924","Uouo_Nomi"
"1784980148753961263","Mon Apr 29 16:16:45 +0000 2024","0","FT; Indonesia 0-2 Uzbekistan Semoga bisa lolos Olimpiade Paris. Secara malam ini kita lawan 15 pemain. Terimakasih banyak #Uzbekistan fuck of You #indonesiavsuzbekistan #Wasit tolol","1784980148753961263","","","in","Bulukumba, South Celebes","0","0","0","https://twitter.com/asal_kauji/status/1784980148753961263","2743882272","asal_kauji"
"1784980028163490110","Mon Apr 29 16:16:16 +0000 2024","1","Tetap semangatt masih ada perebutan juara 3 kita doakan yang terbaik buat timnas kita aminnn 🇮🇩🇮🇩🇮🇩🇮🇩 #indonesiavsuzbekistan #AFCU23AsianCup #Indonesia #Uzbekistan","1784980028163490110","","","in","","0","0","0","https://twitter.com/deedat45/status/1784980028163490110","1444191039942627330","deedat45"
"1784980017694568842","Mon Apr 29 16:16:14 +0000 2024","0","NT INDONESIA JANGAN PATAH SEMANGAT #indonesiavsuzbekistan #SenderLab #IndonesiaEmas2045 #Jerome #AFCU23AsianCup","1784980017694568842","","","in","indonesia","0","0","0","https://twitter.com/rejeki000/status/1784980017694568842","1679028063651389442","rejeki000"
"1784979714526027938","Mon Apr 29 16:15:01 +0000 2024","1","AFC U23 Asian Cup 2024 Semifinal FT: Indonesia 🇮🇩 vs Uzbekistan 🇺🇿 0-2 Gol: 🇺🇿: Khusayn Norchaev '68 Pratama Arhan (og) '86 Tetap semangat untuk skuad Garuda muda Timnas Indonesia. #AFCU23 #AsianCupU23 #IndonesiavsUzbekistan #TimnasIndonesia #TimnasDay #SalamOlahraga https://t.co/1lFQOKgQRl","1784979714526027938","https://pbs.twimg.com/media/GMWFlj7bMAAQvNc.jpg","","in","Jakarta","0","0","0","https://twitter.com/majo_lahraga/status/1784979714526027938","1574595161291882496","majo_lahraga"
"1784979711388795238","Mon Apr 29 16:15:01 +0000 2024","2","netizen Indonesia emang nggak ada lawan #indonesiavsuzbekistan https://t.co/bw8wPyfQJj","1784979711388795238","https://pbs.twimg.com/media/GMWFll5aYAAH2F8.jpg","","in","Gunungkidul, Yogyakarta","0","0","0","https://twitter.com/kikaku______/status/1784979711388795238","1383191833","kikaku______"
"1784953031739453756","Mon Apr 29 16:12:00 +0000 2024","0","RESULT : 2503 SAH JP 432D PAUS MALAM INI YAA BOSSKU MALAM INI JP BESAR KITA BOSSKU.. TUNGGAL KITA SAH MASUK JOSS DIANGKA 3 MALAM INI SELAMAT PARA PEMENANG BOSSU #AFCU23AsianCup #LIVEBOLA #indonesiavsuzbekistan https://t.co/h0yzQnP3RV","1784978952538439827","https://pbs.twimg.com/media/GMWD7fBaIAAcD24.png","OpungTampu","in","MEDAN INDONESIA","0","0","0","https://twitter.com/OpungTampu/status/1784978952538439827","1729136525131321344","OpungTampu"
"1784978849744441688","Mon Apr 29 16:11:35 +0000 2024","0","NT garuda muda🇮🇩 kita tetap bisa ikut olimpiade Paris 2024 kok bisa masuk melalui jadi juara ke tiga atau jika kalah dalam adu juara ke 3 kita bisa lewat play off antara 4 AFC dan CAF kalau play off kita lawan Guniea wakil CAF Afrika.semangat garudaku #indonesiavsuzbekistan","1784978849744441688","","","in","","0","0","0","https://twitter.com/RossiuUkraina/status/1784978849744441688","1569215422691704833","RossiuUkraina"
"1784978826042466781","Mon Apr 29 16:11:30 +0000 2024","0","Babak pertama Indonesia lawan Uzbekistan masih 0-0 #TimnasDay #indonesiavsuzbekistan #AFCU23AsianCup https://t.co/IfUPCEaSdM","1784978826042466781","https://pbs.twimg.com/ext_tw_video_thumb/1784978774288973825/pu/img/ot9oCPmTjJ1rRaF7.jpg","","in","Kota Serang, Banten","0","0","0","https://twitter.com/Aep62247434/status/1784978826042466781","1236651319428956161","Aep62247434"
"1784978815934169504","Mon Apr 29 16:11:27 +0000 2024","1","Selamat Kepada Pemenang GARDATOTO SITUS SLOT TERGACOR 100% WD LINK DAFTAR https://t.co/dBFTzDf0UM #gardatoto #Wasit #Arhan #Jerome #RCTI #TimnasDay #Offside #Streaming #kelly #AFCU23AsianCup #indonesiavsuzbekistan #Batal #Indonesia #slotonline #slotgacor2024 #TimnasIndonesiaU23 https://t.co/fHemtncpaP","1784978815934169504","https://pbs.twimg.com/ext_tw_video_thumb/1784975289564717056/pu/img/p-q-GHq5UiMP7nuL.jpg","","in","INDONESIA","0","0","0","https://twitter.com/GARDATOTOGACOR/status/1784978815934169504","1683395692969205760","GARDATOTOGACOR"
"1784978767896793159","Mon Apr 29 16:11:16 +0000 2024","0","Satu kata buwat Wasit dan Noel #wasit #indonesiavsuzbekistan #fypシviral https://t.co/bs5UubDkQc","1784978767896793159","https://pbs.twimg.com/media/GMWEuZnbsAApQkR.jpg","","in","","0","0","0","https://twitter.com/Ariftriani8Tri/status/1784978767896793159","1738693339606855680","Ariftriani8Tri"
"1784978713240805421","Mon Apr 29 16:11:03 +0000 2024","0","Di bayar berapa Shen yin hao? Mana ig nya drop sini biar pada silahturahmi #wasit #AFCU23AsianCup #TimnasDay #indonesiavsuzbekistan","1784978713240805421","","","in","Sumatera Utara, Indonesia","0","2","0","https://twitter.com/WilliamSielim/status/1784978713240805421","1412649737526804482","WilliamSielim"
"1784978706781688248","Mon Apr 29 16:11:01 +0000 2024","0","Tidak ada keajaiban yang ada kenyataan. #TimnasDay #indonesiavsuzbekistan #AFCU23AsianCup","1784978706781688248","","","in","Kota Bogor, Jawa Barat","0","0","0","https://twitter.com/dimassetiawan30/status/1784978706781688248","2889526784","dimassetiawan30"
"1784978627601596506","Mon Apr 29 16:10:42 +0000 2024","0","NGAKAK SEMUA PEMAIN INDO DAPET KARTU. SIT WASIT LO NGANTONGIN BERAPA KARTU SIHHHHHHHHHHHH ASMDUEUWKQNSVEGWHQJQOS #indonesiavsuzbekistan #AFCU23AsianCup","1784978627601596506","","","in","bukan dihati kamu","0","0","0","https://twitter.com/allmemoriesofme/status/1784978627601596506","1311159296957145088","allmemoriesofme"
"1784978568482808014","Mon Apr 29 16:10:28 +0000 2024","0","Kartu kuning wkwkw pelanggaran lagi #wasit #TimnasDay #indonesiavsuzbekistan #jerome #TimnasIndonesiaU23","1784978568482808014","","","in","Jawa Barat, Indonesia","0","0","0","https://twitter.com/dailytiwi/status/1784978568482808014","1733145006758912000","dailytiwi"
"1784978534215368905","Mon Apr 29 16:10:20 +0000 2024","0","Badan doang gede dikit2 jatuh bjirrrrrr #TimnasDay #AFCU23AsianCup #indonesiavsuzbekistan","1784978534215368905","","","in","","0","0","0","https://twitter.com/kko_ryna/status/1784978534215368905","1563865121164005383","kko_ryna"
"1784978503336919168","Mon Apr 29 16:10:13 +0000 2024","0","meskipun wasitnya rada-rada but we are proud of you!! @TimnasIndonesia #AFCU23AsianCup #indonesiavsuzbekistan","1784978503336919168","","","in","Jakarta","0","0","0","https://twitter.com/yudaalexander59/status/1784978503336919168","1343609089662697472","yudaalexander59"
"1784978454192296209","Mon Apr 29 16:10:01 +0000 2024","0","Infokan nyingg wasit bapuk #TimnasDay #indonesiavsuzbekistan https://t.co/bEzKEoUevz","1784978454192296209","https://pbs.twimg.com/media/GMWEcdIagAAHLj3.jpg","","in","","0","0","0","https://twitter.com/fickyznx_/status/1784978454192296209","1645663654573150209","fickyznx_"
"1784978266987909385","Mon Apr 29 16:09:16 +0000 2024","1","Bismillah Timnas Day @SenderLabs #TimnasDay #indonesiavsuzbekistan","1784978266987909385","","","in","","0","0","0","https://twitter.com/PutrisaktiPutri/status/1784978266987909385","1458705068971081733","PutrisaktiPutri"
"1784978251603185728","Mon Apr 29 16:09:13 +0000 2024","0","Wasit tak adil ini. Netizen Indonesia tau apa yang harus kita lakukan .... #wasit #U23 #indonesiavsuzbekistan #wasitcurang","1784978251603185728","","","in","Balikpapan Selatan, Indonesia","0","0","0","https://twitter.com/rifkiskm/status/1784978251603185728","233796103","rifkiskm"
"1784978066768547925","Mon Apr 29 16:08:29 +0000 2024","0","Info akun wasit Indonesia Uzbekistan. Asli gemes bgt berat sebelah bgt wasitnya. Wasit titipan apa gimana ini. #AFCU23AsianCup #indonesiavsuzbekistan","1784978066768547925","","","in","SMAN1KABTANGERANG, INDONESIA","0","0","0","https://twitter.com/mutianingsh/status/1784978066768547925","296601792","mutianingsh"
"1784978055980810707","Mon Apr 29 16:08:26 +0000 2024","0","Harus diakui pemain kita masih kalah jauh levelnya. Tetap semangat ayo raih peringkat tiga dan berangkat ke Paris!! #indonesiavsuzbekistan #AFCU23AsianCup #🇮🇩","1784978055980810707","","","in","Yogyakarta, Indonesia","0","0","0","https://twitter.com/masdim_setiawan/status/1784978055980810707","2203118725","masdim_setiawan"
"1784977921159106825","Mon Apr 29 16:07:54 +0000 2024","1","wasit nya gajelas tadi ude ada org gelimpungan gitu aja ga di gubris anjr giliran titit nya ga sengaja ke injek baru gercep [cry] #wasit #gajelas #indonesiavsuzbekistan","1784977921159106825","","","in","","0","0","0","https://twitter.com/pisceseu0803/status/1784977921159106825","1627306987376775169","pisceseu0803"
"1784977901936591195","Mon Apr 29 16:07:49 +0000 2024","1","yang ini ya gais ig wasit yang ga jujur itu giliran tadi witan jatoh jelas bgt sama arhan kaga di gubris inget aja Allah maha adil ya Wasit dzolim lu dzolim astaghfirullah #indonesiavsuzbekistan #wasitgaadil #wasitcurang https://t.co/CWsbWIUoKQ","1784977901936591195","https://pbs.twimg.com/media/GMWD75RaIAAxv0i.jpg","","in","","0","0","0","https://twitter.com/Mytwysybrnn/status/1784977901936591195","1746159374714966016","Mytwysybrnn"
"1784977819623432328","Mon Apr 29 16:07:30 +0000 2024","0","Kalah yaa kita? #indonesiavsuzbekistan https://t.co/DIz1Egn5Bc","1784977819623432328","https://pbs.twimg.com/media/GMWD3ffbIAATi6s.jpg","","in"," Indonesia","0","0","0","https://twitter.com/AntonPr12594871/status/1784977819623432328","888208727169417216","AntonPr12594871"
"1784977791735505099","Mon Apr 29 16:07:23 +0000 2024","0","tetap bangga sama indonesia udah sampe sejauh ini klo ngeyel sama wasit mah susah. but you're doing very great guys!! ️🇮🇩 #AsianCupU23 #indonesiavsuzbekistan #Indonesia","1784977791735505099","","","in","🇵🇹x🇸🇦","0","0","0","https://twitter.com/womyen/status/1784977791735505099","1381415922078937092","womyen"
"1784977727654859211","Mon Apr 29 16:07:08 +0000 2024","0","Info IG Wasit nya dong mau silaturahmi ni #wasit #TimnasDay #indonesiavsuzbekistan","1784977727654859211","","","in","Medan Kota, Indonesia","0","0","0","https://twitter.com/devanilubiss/status/1784977727654859211","1276124075622936576","devanilubiss"
"1784977702925283638","Mon Apr 29 16:07:02 +0000 2024","1","Info kontak e wasit #TimnasDay #wasit #indonesiavsuzbekistan","1784977702925283638","","","in","","0","0","0","https://twitter.com/fajri_ku32320/status/1784977702925283638","1749043979172425728","fajri_ku32320"
"1784977447315972337","Mon Apr 29 16:06:01 +0000 2024","3","Terlepas dari sedikit kontroversi nya kepemimpinan wasit pada laga Indonesia Vs Uzbekistan U-23 Mereka memang mainnya bagus. Terimakasih Garuda Muda sudah berjuang sampai sejauh ini. Kami bangga🇮🇩🇮🇩🇮🇩 #TimnasDay #TimnasIndonesiaU23 #AFCU23AsianCup #indonesiavsuzbekistan https://t.co/NogSyLSW7x","1784977447315972337","https://pbs.twimg.com/media/GMWDhdbbkAAEAkU.jpg","","in","","0","0","0","https://twitter.com/Kitahuan/status/1784977447315972337","1763414432401817600","Kitahuan"
"1784977434246521034","Mon Apr 29 16:05:58 +0000 2024","0","tim yang menunggu hasilnya aja #indonesiavsuzbekistan","1784977434246521034","","","in","Bogor, Jawa Barat","0","0","0","https://twitter.com/ikbensherenn/status/1784977434246521034","1179424686339264512","ikbensherenn"
"1784977404647354810","Mon Apr 29 16:05:51 +0000 2024","1","2 momentum yg bikin timnas dirugikan yg harusy tendangan bebas malah g jd dan gol ferarri harusy sah gol y #TimnasDay #indonesiavsuzbekistan #AFCU23AsianCup","1784977404647354810","","","in","banjarmasin","0","2","0","https://twitter.com/Turky_Juve/status/1784977404647354810","83816238","Turky_Juve"
"1784977273793523866","Mon Apr 29 16:05:20 +0000 2024","0","Klo ga ada var jg indo ga sampe semifinal ga ada harapan jg buat lolos olimpiade yauda namanya hidup kadang beruntung kadang kidding #indonesiavsuzbekistan","1784977273793523866","","","in","Magelang, Jawa Tengah","0","1","0","https://twitter.com/bagasseptian910/status/1784977273793523866","467272067","bagasseptian910"
"1784977232764846089","Mon Apr 29 16:05:10 +0000 2024","1","Pantes kalah ini turki bukan indonesia #indonesiavsuzbekistan","1784977232764846089","","","in","","0","0","0","https://twitter.com/Rizalputra06/status/1784977232764846089","315771635","Rizalputra06"
"1784977130939716053","Mon Apr 29 16:04:45 +0000 2024","2","Wasit memberikan kartu merah kepada Kapten Timnas @SenderLabs Bagaimana kinerja wasit pada pertandingan ini menurut teman-teman? RT = Sangat Tidak Bagus LIKE = Sangat Bagus #tanieczgwiazdami #SEVENTEEN_IS_MAESTRO #rgyas #indonesiavsuzbekistan https://t.co/lv9KrJdNVo","1784977130939716053","https://pbs.twimg.com/media/GMWDPYdaYAAzDdb.jpg","","in","","0","2","2","https://twitter.com/bahrul11099/status/1784977130939716053","1450712816684437504","bahrul11099"
"1784977097116815616","Mon Apr 29 16:04:37 +0000 2024","35","SUPPORTER INDONESIA KEREN BGTT... KALIAN MASIH BISA TERIAK KENCENG~ APPRECIATE TO ALL!! KALIAN LEGOWO BANGETTT 🇮🇩🇮🇩🇮🇩 #TimnasDay #IndonesiaVSUzbekistan","1784977097116815616","","","in","Tangerang, Indonesia","0","0","4","https://twitter.com/ur_cayy01/status/1784977097116815616","1035097831231520770","ur_cayy01"
"1784977037289271570","Mon Apr 29 16:04:23 +0000 2024","0","Atlet uzbek kudu dikasih sound jatuh bangun aku dibantu wasit tengil.. dikit2 jatoh.. #indonesiavsuzbekistan","1784977037289271570","","","in","Bandung, Jawa Barat","0","0","0","https://twitter.com/daradulset/status/1784977037289271570","1119036232422445056","daradulset"
"1784976938085622199","Mon Apr 29 16:03:59 +0000 2024","0","Pas lagi ngecek mutasi masuk baru kasih kartu merah. #indonesiavsuzbekistan https://t.co/E1sfR61V89","1784976938085622199","https://pbs.twimg.com/media/GMWC-8-b0AEg81n.jpg","","in","","0","0","0","https://twitter.com/Tobanga_/status/1784976938085622199","717937407593566208","Tobanga_"
"1784976808167043190","Mon Apr 29 16:03:28 +0000 2024","0","Finishing jelek susah boat goll.. eh d bantu wasit... hahaha sit sit #wasit #Var #indonesiavsuzbekistan","1784976808167043190","","","in","","0","0","0","https://twitter.com/TiaraRia72632/status/1784976808167043190","1714324726045425666","TiaraRia72632"
"1784976656282832905","Mon Apr 29 16:02:52 +0000 2024","0","spill sosmed nya si wasit plis #indonesiavsuzbekistan #TimnasDay","1784976656282832905","","","in","Tangerang","0","0","0","https://twitter.com/onyourkxmm23/status/1784976656282832905","1623168308014108672","onyourkxmm23"
"1784976740202455355","Mon Apr 29 16:03:12 +0000 2024","0","Pasti banyak yang langsung beralih nonton bokep nih. #indonesiavsuzbekistan","1784976740202455355","","","in","","0","0","0","https://twitter.com/bimaboim/status/1784976740202455355","75275986","bimaboim"
"1784976633738428474","Mon Apr 29 16:02:47 +0000 2024","0","Belum rejeki aja gapapa. Kalian udah keren 🇲🇨️ #indonesiavsuzbekistan","1784976633738428474","","","in","","0","0","0","https://twitter.com/mufthirzl/status/1784976633738428474","1725398929385385984","mufthirzl"
"1784976579871002674","Mon Apr 29 16:02:34 +0000 2024","0","Wasit Buta Huruf Wasit Kurang Jauh Ngopinya #wasit #indonesiavsuzbekistan #pratamaarhan https://t.co/vQ4dbWOxsQ","1784976579871002674","https://pbs.twimg.com/media/GMWCu4jawAAX29x.jpg","","in","","0","0","0","https://twitter.com/Ariftriani8Tri/status/1784976579871002674","1738693339606855680","Ariftriani8Tri"
"1784976525626134976","Mon Apr 29 16:02:21 +0000 2024","0","Semua berawal dari sini #indonesiavsuzbekistan https://t.co/vicA2cov62","1784976525626134976","https://pbs.twimg.com/media/GMWCpw2bQAAl2g8.jpg","","in","Tinggal bareng mamah dirumah","0","0","0","https://twitter.com/kartikamw_/status/1784976525626134976","1388464978231906306","kartikamw_"
"1784976420101656701","Mon Apr 29 16:01:56 +0000 2024","0","Wasit e koyok tai #AFCU23AsianCup #indonesiavsuzbekistan","1784976420101656701","","","in","Semarang Barat, Indonesia","0","0","0","https://twitter.com/WPujiantara/status/1784976420101656701","561975458","WPujiantara"
"1784976398157029697","Mon Apr 29 16:01:51 +0000 2024","0","Info info Sosmed wasitnya #Indonesia #indonesiavsuzbekistan #mmk","1784976398157029697","","","in","","0","0","0","https://twitter.com/hikari1605/status/1784976398157029697","1687373374685888512","hikari1605"
"1784976376392810818","Mon Apr 29 16:01:46 +0000 2024","1","aku percaya kok Allah pasti kasih yang terbaik buat Indo. kita kan orang terdzolimi oleh banyak negara mari kita berdo'a terus #TimnasIndonesiaU23 #AFCU23AsianCup #indonesiavsuzbekistan","1784976376392810818","","","in","bukan dihati kamu","0","0","0","https://twitter.com/allmemoriesofme/status/1784976376392810818","1311159296957145088","allmemoriesofme"
"1784976288626995210","Mon Apr 29 16:01:25 +0000 2024","0","wasit apaan sih gak jelas banget anj #indonesiavsuzbekistan","1784976288626995210","","","in","","0","0","0","https://twitter.com/kennyjnnerrr/status/1784976288626995210","1352889152639889411","kennyjnnerrr"
"1784976273741414409","Mon Apr 29 16:01:21 +0000 2024","6","Selesai sudah perjalanan king indo di afc u23 tahun ini tetap bangga Indonesia bisa masuk semi-final Dimohon utuk tdk ad yg membully para pemain timnas mereka sudah berjuang sekuat tenaga tapi sayangnya takdir tak merestui. ASEAN pride #indonesiavsuzbekistan #AFCU23AsianCup https://t.co/xhmdomDZQn","1784976273741414409","https://pbs.twimg.com/media/GMWCdjXb0AEUOZ3.jpg","","in","","0","0","0","https://twitter.com/Ravons437963/status/1784976273741414409","1653005071750402048","Ravons437963"
"1784976227775947122","Mon Apr 29 16:01:10 +0000 2024","0","Masih ada perebutan tempat ke 3 gak sih? kan 1-3 langsung olimpiade? urutan 4 playoff #indonesiavsuzbekistan #wasit #VAR","1784976227775947122","","","in","ÜT: ","0","0","0","https://twitter.com/Red_rockets123/status/1784976227775947122","53598666","Red_rockets123"
"1784976194527756424","Mon Apr 29 16:01:02 +0000 2024","1","Ish wasit n*g malah berpihak sama tim lawan njg gue udah ga dapet album idol gue malah ditambah² amarah gue tdi tim indo ada yg cedera hebat dia masih ngejer² bola bgst pas tim lawan cedera juga langsung kartu merah dnck astagfirullah taik#AFCU23AsianCup #indonesiavsuzbekistan","1784976194527756424","","","in","","0","0","0","https://twitter.com/Lylanunuu24/status/1784976194527756424","1745600430175035392","Lylanunuu24"
"1784975881641058475","Mon Apr 29 15:59:48 +0000 2024","0","Info ig wasit????? Kita silaturahmi bareng bareng #AFCU23AsianCup #indonesiavsuzbekistan","1784975881641058475","","","in","","0","0","0","https://twitter.com/Sam_jungjh25/status/1784975881641058475","1515350556394471425","Sam_jungjh25"
"1784975758861197739","Mon Apr 29 15:59:18 +0000 2024","0","Babak pertama Indonesia lawan Uzbekistan masih 0-0 #TimnasIndonesia #GarudaJuara #indonesiavsuzbekistan #TimnasDay https://t.co/hJR1aVRzhs","1784975758861197739","https://pbs.twimg.com/ext_tw_video_thumb/1784975724329529344/pu/img/zpVrFEvExNKQFpZD.jpg","","in","Kota Serang, Banten","0","0","0","https://twitter.com/Aep62247434/status/1784975758861197739","1236651319428956161","Aep62247434"
"1784975713432735754","Mon Apr 29 15:59:07 +0000 2024","0","Wasit agak Miring #wasit #indonesiavsuzbekistan #FYP","1784975713432735754","","","in","","0","0","0","https://twitter.com/Ariftriani8Tri/status/1784975713432735754","1738693339606855680","Ariftriani8Tri"
"1784975678481498568","Mon Apr 29 15:58:59 +0000 2024","0","senam jantung bjirr #TimnasDay #indonesiavsuzbekistan","1784975678481498568","","","in","","0","0","0","https://twitter.com/synheeee/status/1784975678481498568","1307293392477368320","synheeee"
"1784975665252716553","Mon Apr 29 15:58:56 +0000 2024","0","Ya sudahlah 0-2 #indonesiavsuzbekistan #garuda","1784975665252716553","","","in","","0","0","0","https://twitter.com/AnthoniBilal/status/1784975665252716553","1710296462431522816","AnthoniBilal"
"1784975630356058424","Mon Apr 29 15:58:48 +0000 2024","0","main macam apaaan giliran bertahan 10 org yg turun giliran memulai serangan cuma 5 org #indonesiavsuzbekistan","1784975632461615537","","jackdhaniels","in","Tenggarong KAL-TIM","0","0","0","https://twitter.com/jackdhaniels/status/1784975632461615537","494106610","jackdhaniels"
"1784975625755005204","Mon Apr 29 15:58:47 +0000 2024","0","Waktu udah mau abis udah gak semangat nonton pertandingan sepak bola #TimnasDay #indonesiavsuzbekistan #wasit #PerfectMatchXtra #ViratKohli𓃵","1784975625755005204","","","in","Jawa Barat, Indonesia","0","0","0","https://twitter.com/dailytiwi/status/1784975625755005204","1733145006758912000","dailytiwi"
"1784975609913098659","Mon Apr 29 15:58:43 +0000 2024","1","perasaan lawan koreanya kemaren dramanya kok sekarang ya? #wasit #indonesiavsuzbekistan","1784975609913098659","","","in","","0","0","0","https://twitter.com/nevermineboy/status/1784975609913098659","1534132290615332864","nevermineboy"
"1784975603617460275","Mon Apr 29 15:58:41 +0000 2024","0","1 kata untuk pertandingan hari ini #indonesiavsuzbekistan","1784975603617460275","","","in","Jakarta","1","8","0","https://twitter.com/Beritasatu/status/1784975603617460275","154102750","Beritasatu"
"1784975456451887419","Mon Apr 29 15:58:06 +0000 2024","0","Salut untuk Timnas U23 Indonesia Bangga dan Luar Biasa atas pencapaian di Piala Asia U23. DAMN I'M LOVE INDONESIA #indonesiavsuzbekistan #AsianCupU23","1784975456451887419","","","in","Bekasi-Jakarta-Ciledug","0","0","0","https://twitter.com/Babamovic/status/1784975456451887419","102505578","Babamovic"
"1784975425015615757","Mon Apr 29 15:57:59 +0000 2024","0","Sudah TERPREDIKSI ya ges ya #TimnasDay #indonesiavsuzbekistan","1784975425015615757","","","in","Bogoria, Polska","0","0","0","https://twitter.com/Bawangnyaputih/status/1784975425015615757","519215252","Bawangnyaputih"
"1784975413338661010","Mon Apr 29 15:57:56 +0000 2024","0","kutukan jerome on #Afc #Wasit #indonesiavsuzbekistan #TimnasDay","1784975413338661010","","","in","","0","0","0","https://twitter.com/slmncgill/status/1784975413338661010","1517874489652310016","slmncgill"
"1784975402446065711","Mon Apr 29 15:57:53 +0000 2024","0","Uzbek menang di banyak aspek plus wasit kek setan this isn't our day. #indonesiavsuzbekistan","1784975402446065711","","","in","Denpasar Selatan, Indonesia","0","0","0","https://twitter.com/vebtian/status/1784975402446065711","550122820","vebtian"
"1784975368698597624","Mon Apr 29 15:57:45 +0000 2024","0","Gimana komentarnya wasit online? #TimnasDay #TimnasIndonesiaU23 #indonesiavsuzbekistan https://t.co/EmDC9udpHU","1784975368698597624","https://pbs.twimg.com/ext_tw_video_thumb/1784975315649044480/pu/img/davixh8gHTmIxIYm.jpg","","in","","0","0","0","https://twitter.com/hoahhhtidor/status/1784975368698597624","1544135567826333696","hoahhhtidor"
"1784975282551812575","Mon Apr 29 15:57:25 +0000 2024","1","Hasil Semifinal Indonesia Vs Uzbekistan AFC U23 Asian Cup Babak Pertama Inilah Skor yang Didapat https://t.co/Gfk8c93HBD lewat @Destinasi Bandung #indonesiavsuzbekistan #Indonesia #wasit #arhan","1784975282551812575","","","in","Bandung, Indonesia","0","0","0","https://twitter.com/destinasibdg/status/1784975282551812575","2789285389","destinasibdg"
"1784975270073819454","Mon Apr 29 15:57:22 +0000 2024","0","Tim yang kesel sama wasitnya #u23 #indonesiavsuzbekistan","1784975270073819454","","","in","","0","0","0","https://twitter.com/kingkong_bakar/status/1784975270073819454","1725225378149777409","kingkong_bakar"
"1784975165060968950","Mon Apr 29 15:56:57 +0000 2024","0","Wasit kontollll! Ini hansippp bukan WASIT! #indonesiavsuzbekistan https://t.co/rHZ1YUN0mJ","1784975165060968950","https://pbs.twimg.com/media/GMWBdANbYAAemgs.jpg","","in","","0","0","0","https://twitter.com/dyahpitaloka888/status/1784975165060968950","1653915530615717890","dyahpitaloka888"
"1784975033884160101","Mon Apr 29 15:56:25 +0000 2024","0","jadi wasit dibayar berapa sii? kok jd pgn ikutan daftar ya #indonesiavsuzbekistan","1784975033884160101","","","in","","0","0","0","https://twitter.com/curhatdonglakkk/status/1784975033884160101","1204410169469239305","curhatdonglakkk"
"1784975032349004022","Mon Apr 29 15:56:25 +0000 2024","0","asu malah lobok 2 #indonesiavsuzbekistan","1784975032349004022","","","in","","0","0","0","https://twitter.com/yahudalah_/status/1784975032349004022","1359051973929041921","yahudalah_"
"1784974979723141264","Mon Apr 29 15:56:13 +0000 2024","0","Indon Dungu #AFCU23AsianCup #indonesiavsuzbekistan @erickthohir anjing @pssi","1784974979723141264","","","in","","0","0","0","https://twitter.com/areksbye/status/1784974979723141264","925555289402650625","areksbye"
"1784974849880031294","Mon Apr 29 15:55:42 +0000 2024","0","Astaga udahlah mau gimna lagi #indonesiavsuzbekistan","1784974849880031294","","","in","Depok, Indonesia","0","0","0","https://twitter.com/beardlieve/status/1784974849880031294","1425501589385596929","beardlieve"
"1784974843596959895","Mon Apr 29 15:55:40 +0000 2024","0","Pernah berfikir kenapa klo gw gak nonton Indo menang. Giliran gw nonton Indo nya kalah #AFCU23AsianCup #indonesiavsuzbekistan","1784974843596959895","","","in","","0","1","0","https://twitter.com/ex94ever/status/1784974843596959895","1530436740422713344","ex94ever"
"1784974836198228135","Mon Apr 29 15:55:38 +0000 2024","0","Baru tau uzbek banyak aktor berbakat ternyata #indonesiavsuzbekistan","1784974836198228135","","","in","","0","0","0","https://twitter.com/ZellxBoi/status/1784974836198228135","1193667551491842049","ZellxBoi"
"1784974807760781328","Mon Apr 29 15:55:32 +0000 2024","0","Waktu dan tempat dipersilahkan #wasit #indonesiavsuzbekistan JANCOKKKK https://t.co/LkidfLUmTL","1784974807760781328","https://pbs.twimg.com/media/GMWBILGasAEm9wk.jpg","","in","Czech Republic","0","0","0","https://twitter.com/awah_x/status/1784974807760781328","716937706006122496","awah_x"
"1784974756149928263","Mon Apr 29 15:55:19 +0000 2024","0","Kan kalah...... #indonesiavsuzbekistan","1784974756149928263","","","in","Jepara, Indonesia","0","0","0","https://twitter.com/jafarstory/status/1784974756149928263","2267424517","jafarstory"
"1784974659659948309","Mon Apr 29 15:54:56 +0000 2024","0","0-2 Uzbekistan kembali menambah keunggulan. Menipiskan peluang Timnas untuk melaju ke babak final. #indonesiavsuzbekistan","1784974659659948309","","","in","Indonesia","0","0","0","https://twitter.com/DenSuhe14new/status/1784974659659948309","4421234654","DenSuhe14new"
"1784974625027584272","Mon Apr 29 15:54:48 +0000 2024","0","Sok maaf maaf pan Masa kartu merah tadi juga maaf2 kan Dah lah jadi hansip jangan jadi wasit. Ka paud weh lah #wasit #wasit #indonesiavsuzbekistan","1784974625027584272","","","in","","0","0","0","https://twitter.com/dyahpitaloka888/status/1784974625027584272","1653915530615717890","dyahpitaloka888"
"1784974615619752056","Mon Apr 29 15:54:46 +0000 2024","0","Setidaknya kita nendang KONTOL #indonesiavsuzbekistan","1784974615619752056","","","in","","0","0","0","https://twitter.com/rangga_arizona/status/1784974615619752056","318968655","rangga_arizona"
"1784974599752741038","Mon Apr 29 15:54:42 +0000 2024","0","VAR tai lah! @theafcdotcom rusak udeh ritme timnas Indonesia. VAR pertama ga pinalty. VAR kedua ga goal krn offside. VAR ketiga Red Card. #indonesiavsuzbekistan","1784974599752741038","","","in","Indonesia","0","0","0","https://twitter.com/achsetiadi/status/1784974599752741038","77469771","achsetiadi"
"1784974590474850392","Mon Apr 29 15:54:40 +0000 2024","1","Wasit butuh duit #wasit #indonesiavsuzbekistan https://t.co/6leBccaimt","1784974590474850392","https://pbs.twimg.com/ext_tw_video_thumb/1784974497675915264/pu/img/OkQy0YvXpB6TRAJj.jpg","","in","","0","1","0","https://twitter.com/Dewangg60684061/status/1784974590474850392","1741380933234925568","Dewangg60684061"
"1784974587345985862","Mon Apr 29 15:54:39 +0000 2024","1","Lah kok malah gol bundir #wasit #TimnasDay #TimnasU23 #indonesiavsuzbekistan","1784974587345985862","","","in","West Java, Indonesia","0","0","0","https://twitter.com/dailytiwi/status/1784974587345985862","1733145006758912000","dailytiwi"
"1784974535378522424","Mon Apr 29 15:54:27 +0000 2024","1","🇮🇩🇮🇩🇮🇩 #AFCU23AsianCup U 23 Indonesia vs U 23 Uzbekistan #indonesiavsuzbekistan https://t.co/fziQl0iT3M","1784974535378522424","https://pbs.twimg.com/media/GMWA4RwbAAAY2P9.jpg","","in","","0","0","0","https://twitter.com/sepatuusang__/status/1784974535378522424","1732528355172560896","sepatuusang__"
"1784974516747419816","Mon Apr 29 15:54:22 +0000 2024","0","Selesai. Tolong koordinat rumah wasit Shen yinhao #TimnasDay #indonesiavsuzbekistan","1784974516747419816","","","in","Fii RowdhothilJannah ....","0","0","0","https://twitter.com/GilangAbdu/status/1784974516747419816","240187280","GilangAbdu"
"1784974466055127047","Mon Apr 29 15:54:10 +0000 2024","0","MALAH BUNDIR WOIII TAU AH #indonesiavsuzbekistan","1784974466055127047","","","in","","0","0","0","https://twitter.com/shubnotic/status/1784974466055127047","1291542812182237184","shubnotic"
"1784974398170247371","Mon Apr 29 15:53:54 +0000 2024","1","Goal uzbekivar Selesai bro no hope no luck wasit MEMEQ #AFCU23AsianCup #indonesiavsuzbekistan https://t.co/uQhpEza4nZ","1784974398170247371","https://pbs.twimg.com/media/GMWAwXLa0AAC4XY.jpg","","in","","0","0","0","https://twitter.com/Ravons437963/status/1784974398170247371","1653005071750402048","Ravons437963"
"1784974275302375530","Mon Apr 29 15:53:25 +0000 2024","0","Wasit berat sebelah. Huuuuuuu .. #indonesiavsuzbekistan #pialaasiau23 #AFCU23","1784974275302375530","","","in","ÜT: -0.30564,100.368975","0","0","0","https://twitter.com/tonnyliang/status/1784974275302375530","134546640","tonnyliang"
"1784974241991110820","Mon Apr 29 15:53:17 +0000 2024","0","Memang wasit anjing #indonesiavsuzbekistan","1784974241991110820","","","in","Perkampungan","0","0","0","https://twitter.com/andreayeeee/status/1784974241991110820","1146764896459034625","andreayeeee"
"1784974185519034708","Mon Apr 29 15:53:03 +0000 2024","0","RED CARD! Rizky Ridho terkena kartu merah setelah melanggar pemain Uzbekistan. #indonesiavsuzbekistan","1784974185519034708","","","in","Indonesia","0","0","0","https://twitter.com/DenSuhe14new/status/1784974185519034708","4421234654","DenSuhe14new"
"1784974142393249808","Mon Apr 29 15:52:53 +0000 2024","0","UDAH COACH SHIN SHIBAL²IN AJAAA EGEEE... FAKK KATA GUA.. ITU KAKI RIZKI RIDHO MANTULLL DRI PAHANYA PEMAIN UZBEK PADAHAL BEJIRRR #TimnasDay #IndonesiaVSUzbekistan","1784974142393249808","","","in","Tangerang, Indonesia","0","0","0","https://twitter.com/ur_cayy01/status/1784974142393249808","1035097831231520770","ur_cayy01"
"1784974089729487041","Mon Apr 29 15:52:40 +0000 2024","0","Waktunya apa adik2 ya bener cari sosmed si wasit silaturahmi kita #indonesiavsuzbekistan","1784974089729487041","","","in","Ditempat tak terjamah","0","0","0","https://twitter.com/Cambangng/status/1784974089729487041","1678153787360579584","Cambangng"
"1784974070498640038","Mon Apr 29 15:52:36 +0000 2024","0","Wasit lo goblok untuk match #indonesiavsuzbekistan @theafcdotcom","1784974070498640038","","","in","Indonesia","0","0","0","https://twitter.com/achsetiadi/status/1784974070498640038","77469771","achsetiadi"
"1784974065629024589","Mon Apr 29 15:52:35 +0000 2024","0","AOWKAKWOAKWO KASIAN KNTL PEMAIN UZBEKISTAN #indonesiavsuzbekistan","1784974065629024589","","","in","he/him","0","0","0","https://twitter.com/PieceOfShuf21/status/1784974065629024589","1169230240968671232","PieceOfShuf21"
"1784974001045221526","Mon Apr 29 15:52:19 +0000 2024","0","ajggg kartu merah cokkk #TimnasDay #indonesiavsuzbekistan","1784974001045221526","","","in","Republic of Korea","0","0","0","https://twitter.com/sjinciw/status/1784974001045221526","1169516179070713856","sjinciw"
"1784973947047690621","Mon Apr 29 15:52:06 +0000 2024","107","LAMA WASITNYE..ga sengaja lah ituu..ITU KUNING OK LAH! MASA MERAH SIH? WAH!! #u23 #afc #indonesiavsuzbekistan #Uzbekistan #Indonesia https://t.co/JWnCRYu744","1784973947047690621","https://pbs.twimg.com/media/GMWAWGLb0AARYUT.jpg","","in","Indonesia","0","26","7","https://twitter.com/GemaShowIndo/status/1784973947047690621","383110522","GemaShowIndo"
"1784973859583828380","Mon Apr 29 15:51:45 +0000 2024","0","info nama sama bin 𝐰𝐚𝐬𝐢𝐭 nya dong siapa tau tembus #indonesiavsuzbekistan","1784973859583828380","","","in","medan","0","0","0","https://twitter.com/nonadi6/status/1784973859583828380","1450118514543513607","nonadi6"
"1784973854345253132","Mon Apr 29 15:51:44 +0000 2024","0","Bencana nih. #indonesiavsuzbekistan","1784973854345253132","","","in","Denpasar Selatan, Indonesia","0","0","0","https://twitter.com/Svastiko/status/1784973854345253132","35175039","Svastiko"
"1784973838520107178","Mon Apr 29 15:51:40 +0000 2024","1","Kartu merah #TimnasDay #wasit #indonesiavsuzbekistan","1784973838520107178","","","in","Jawa Barat, Indonesia","0","0","0","https://twitter.com/dailytiwi/status/1784973838520107178","1733145006758912000","dailytiwi"
"1784973828135027171","Mon Apr 29 15:51:38 +0000 2024","0","Woi uzbek banyak amat drama looo! #TimnasDay #indonesiavsuzbekistan","1784973828135027171","","","in","","0","0","0","https://twitter.com/fnraand/status/1784973828135027171","1494323117639962632","fnraand"
"1784973771943870510","Mon Apr 29 15:51:25 +0000 2024","0","Baju Kaos Jersey Indonesia 2024 Fantasy Timnas Retro Jersey Red Merah Olahraga Indonesia Jersey Vintage Indonesia dengan harga Rp116.000. Dapatkan di Shopee sekarang! https://t.co/w2g68pDmzI #indoviral #indonesiavsuzbekistan #Indonesia #TimnasU23 #TimnasDay https://t.co/yh4CXFzunp","1784973771943870510","https://pbs.twimg.com/media/GMWALmibsAAjUyR.jpg","","in","","0","0","0","https://twitter.com/ra49241523/status/1784973771943870510","1477814946045956098","ra49241523"
"1784973753480556944","Mon Apr 29 15:51:20 +0000 2024","0","Wasit anjing wasit buta #indonesiavsuzbekistan","1784973753480556944","","","in","","0","0","0","https://twitter.com/OPAL_NAKATAA/status/1784973753480556944","501983739","OPAL_NAKATAA"
"1784973615961960670","Mon Apr 29 15:50:47 +0000 2024","0","NGILU ANJJJ #indonesiavsuzbekistan","1784973615961960670","","","in","","0","0","0","https://twitter.com/specshero/status/1784973615961960670","1626087551844106240","specshero"
"1784973555731698018","Mon Apr 29 15:50:33 +0000 2024","0","musuh indonesia adalah wasit #indonesiavsuzbekistan #indonesiaday","1784973555731698018","","","in","","0","0","0","https://twitter.com/DajjBukanCok/status/1784973555731698018","1710507751267598336","DajjBukanCok"
"1784972245028524356","Mon Apr 29 15:45:21 +0000 2024","0","Man Of The Match Indonesia: TIANG GAWANG #indonesiavsuzbekistan","1784972245028524356","","","in","","1","0","0","https://twitter.com/amed_jow/status/1784972245028524356","110753341","amed_jow"
"1784972219317354617","Mon Apr 29 15:45:14 +0000 2024","0","Jersey Timnas Indonesia 2023 Grade Ori Home Third dengan harga Rp126.560. Dapatkan di Shopee sekarang! https://t.co/MfUntfIrZj #indonesiavsuzbekistan #indoviral #Indonesia #TimnasIndonesiaU23 #TimnasDay https://t.co/WE5JeQfPbd","1784972219317354617","https://pbs.twimg.com/media/GMV-xPPbwAALF6L.jpg","","in","","0","0","0","https://twitter.com/ra49241523/status/1784972219317354617","1477814946045956098","ra49241523"
"1784972148911603817","Mon Apr 29 15:44:58 +0000 2024","1","GOOOALLL! Tp sayang sekali kena var #TimnasDay #Indonesia #indonesiavsuzbekistan https://t.co/nfgEXJk01Y","1784972148911603817","https://pbs.twimg.com/ext_tw_video_thumb/1784971025073192960/pu/img/r5DaVZPtNk29LAs4.jpg","","in","","0","0","0","https://twitter.com/nailatabas62421/status/1784972148911603817","1735359992033886208","nailatabas62421"
"1784972091152052377","Mon Apr 29 15:44:44 +0000 2024","0","WARGA INDONESIA LIAT INI APA KALIAN GK MAU SERBU NIHH INSTAGRAM WASIT NYA GAS AYOOO GAS LAH WARGA X SERBU AYO #TimnasIndonesiaU23 #indonesiavsuzbekistan https://t.co/a4OPzxnHdv","1784972091152052377","https://pbs.twimg.com/media/GMV-p5Ea8AEC3rp.jpg","","in","","0","0","0","https://twitter.com/shifadiniAnnisa/status/1784972091152052377","1542883819837341696","shifadiniAnnisa"
"1784972056414900720","Mon Apr 29 15:44:36 +0000 2024","0","Berharap ada keajaiban untuk Timnas Indonesia setidaknya bisa menyamakan kedudukan. Sepanjang pertandingan digempur disetiap lini salut untuk semua pemain yang terus berusaha keluar dari tekanan. #AsianCupU23 #indonesiavsuzbekistan","1784972056414900720","","","in","Indonesia","0","0","0","https://twitter.com/DenSuhe14new/status/1784972056414900720","4421234654","DenSuhe14new"
"1784972029927776395","Mon Apr 29 15:44:29 +0000 2024","0","huaaa udah 1:0 gimana nihhh #indonesiavsuzbekistan","1784972029927776395","","","in","","0","0","0","https://twitter.com/youandtari/status/1784972029927776395","1763145731484094464","youandtari"
"1784971998885806468","Mon Apr 29 15:44:22 +0000 2024","1","Takut nonton aaaaaa.. Ya allah. Deg deg an akuu #TimnasDay #indonesiavsuzbekistan","1784971998885806468","","","in","Indonesia","0","0","0","https://twitter.com/Littlefox_lly/status/1784971998885806468","310688151","Littlefox_lly"
"1784971959039898078","Mon Apr 29 15:44:12 +0000 2024","0","wasit'e lagi golek masa wong indo #AFCU23AsianCup #indonesiavsuzbekistan","1784971959039898078","","","in","","0","0","0","https://twitter.com/eko_mcn/status/1784971959039898078","976808194327498753","eko_mcn"
"1784971917826597279","Mon Apr 29 15:44:03 +0000 2024","4","Apapun hasilnya Plus Jangan Hujat pemain Indonesia Mereka sudah luar biasa #TimnasDay #AFCU23AsianCup #indonesiavsuzbekistan","1784971917826597279","","","in","","0","1","1","https://twitter.com/pesCahndeso/status/1784971917826597279","1578433073511026688","pesCahndeso"
"1784971914211172860","Mon Apr 29 15:44:02 +0000 2024","0","Wooyy kenapa ini kok di #prank #indonesiavsuzbekistan #Indonesia #Nobar #malam #nonton","1784971914211172860","","","in","Indonesia","0","0","0","https://twitter.com/AgusKangean501/status/1784971914211172860","992767995209396224","AgusKangean501"
"1784971908150444338","Mon Apr 29 15:44:00 +0000 2024","0","Wasit anjing #indonesiavsuzbekistan","1784971908150444338","","","in","Perkampungan","0","0","0","https://twitter.com/andreayeeee/status/1784971908150444338","1146764896459034625","andreayeeee"
"1784971810519535626","Mon Apr 29 15:43:37 +0000 2024","0","bisa tolong dijelaskan kenapa tadi gol indo ga keitung? aku nonton yang pake inggris soalnya #indonesiavsuzbekistan","1784971810519535626","","","in","","0","0","0","https://twitter.com/youandtari/status/1784971810519535626","1763145731484094464","youandtari"
"1784971516977000886","Mon Apr 29 15:42:27 +0000 2024","0","TERPANTAU IG WASIT GUYS #indonesiavsuzbekistan #wasit https://t.co/4FHJeBvfpz","1784971516977000886","https://pbs.twimg.com/media/GMV-IYaagAAklTX.jpg","","in","indonesia","0","0","0","https://twitter.com/rvnclwslytrnhgw/status/1784971516977000886","1491355047376338944","rvnclwslytrnhgw"
"1784971405756715456","Mon Apr 29 15:42:00 +0000 2024","0","Di prank Var Udah senang² unggul di ehg malah kebobolan Si Towel pasti ngakak nih Tetap optimis... #TimnasDay #AFCU23AsianCup #indonesiavsuzbekistan https://t.co/Rb2GXg30In","1784971405756715456","https://pbs.twimg.com/ext_tw_video_thumb/1784971297145094144/pu/img/-rtGHaRjhiQVk08J.jpg","","in","Indonesia","0","0","0","https://twitter.com/somnabulis/status/1784971405756715456","1193130747160186886","somnabulis"
"1784971294452461573","Mon Apr 29 15:41:34 +0000 2024","2","#AFCU23AsianCup #TimnasU23 #TimnasIndonesiaU23 #indonesiavsuzbekistan #TimnasDay goolllllllll buajingannnnnnn https://t.co/9JWiRgG3s7","1784971294452461573","https://pbs.twimg.com/ext_tw_video_thumb/1784971269429174272/pu/img/3huY_hYlYnE68A4T.jpg","","in","*INDONESIA*","0","0","0","https://twitter.com/raya_muse/status/1784971294452461573","494106276","raya_muse"
"1784971285472457044","Mon Apr 29 15:41:32 +0000 2024","1","Tega bner ni wasit pdhal udh nyalain flare #indonesiavsuzbekistan https://t.co/f4yZc7VXwa","1784971285472457044","https://pbs.twimg.com/ext_tw_video_thumb/1784971203331145728/pu/img/kB0EUs2Kn0bWCbi9.jpg","","in","Purwakarta, Indonesia","0","0","0","https://twitter.com/udahgitu4ja/status/1784971285472457044","1721083879388540928","udahgitu4ja"
"1784971226689253701","Mon Apr 29 15:41:18 +0000 2024","0","Bangke ye kite masih di voor minus no 10 Uzbek padahal sekarang mereka motornya ada no 14 dan 10 ️ #indonesiavsuzbekistan","1784971226689253701","","","in","Indonesia","0","0","0","https://twitter.com/achsetiadi/status/1784971226689253701","77469771","achsetiadi"
"1784971214391480677","Mon Apr 29 15:41:15 +0000 2024","0","Gak jadi up story ya -_- #indonesiavsuzbekistan","1784971214391480677","","","in","Shibu(a)ya...?","0","0","0","https://twitter.com/Reza_Dalimunthe/status/1784971214391480677","220981083","Reza_Dalimunthe"
"1784971201720594782","Mon Apr 29 15:41:12 +0000 2024","0","sp mau ikut ak ngantemi wasit nya? cung cung #pialaasiau23 #indonesiavsuzbekistan #wasit #VAR","1784971201720594782","","","in","","0","0","0","https://twitter.com/zivthaa/status/1784971201720594782","1693455093683904512","zivthaa"
"1784971152672292987","Mon Apr 29 15:41:00 +0000 2024","2","Loyoku de'eh lammai nyawaku lalang #indonesiavsuzbekistan","1784971152672292987","","","in","Anywhere","0","1","0","https://twitter.com/adamshutdeFuck/status/1784971152672292987","1298413910190522368","adamshutdeFuck"
"1784971146770727117","Mon Apr 29 15:40:59 +0000 2024","0","Ayo #Indonesia Ayo Indonesia Ayo Seluruh bangsa mendoakan keberhasilanmu bermainlah dengan baik menang untuk dirimu sendiri untuk bangsamu untuk mengibarkan benderamu doa seluruh bangsa menyertaimu insya Allah. #indonesiaU23 #indonesiavsuzbekistan https://t.co/o0zWmIUuqS","1784971146770727117","https://pbs.twimg.com/media/GMV9yydWQAAsQtH.jpg","","in","","0","0","0","https://twitter.com/nailatabas62421/status/1784971146770727117","1735359992033886208","nailatabas62421"
"1784971142010425492","Mon Apr 29 15:40:58 +0000 2024","0","Santet wasit asw.. #indonesiavsuzbekistan","1784971142010425492","","","in","","0","0","0","https://twitter.com/txtmandra/status/1784971142010425492","1540360465309528064","txtmandra"
"1784971086079340939","Mon Apr 29 15:40:44 +0000 2024","1","GOOOALLL! Tp sayang sekali kena var #TimnasDay #Indonesia #indonesiavsuzbekistan https://t.co/RfWVYyN6s0","1784971086079340939","https://pbs.twimg.com/ext_tw_video_thumb/1784971025073192960/pu/img/r5DaVZPtNk29LAs4.jpg","","in","","1","0","1","https://twitter.com/Mabeslucu/status/1784971086079340939","1427540766570647553","Mabeslucu"
"1784971033801605338","Mon Apr 29 15:40:32 +0000 2024","0","kocak gaming bisa yok 2-1 #afc #indonesiavsuzbekistan $BUBBLE $PARAM $SOMO https://t.co/LCxM74AekJ","1784971033801605338","https://pbs.twimg.com/media/GMV9lSzagAAura3.png","","in","","0","0","0","https://twitter.com/sebbspw/status/1784971033801605338","1607306569","sebbspw"
"1784970975202918886","Mon Apr 29 15:40:18 +0000 2024","1","HAHAHAHHA GUE UDH TEREAK2 WOYYY KAGAK GOL TERNYATA #AFCU23AsianCup #indonesiavsuzbekistan","1784970975202918886","","","in","Jakarta Capital Region","0","0","0","https://twitter.com/Advia4/status/1784970975202918886","1142738998533619712","Advia4"
"1784970974913531965","Mon Apr 29 15:40:18 +0000 2024","0","Spill wasit nya lah gerem gua #indonesiavsuzbekistan","1784970974913531965","","","in","","0","0","0","https://twitter.com/Aduh_Geraah/status/1784970974913531965","1295224974404276224","Aduh_Geraah"
"1784970954579620193","Mon Apr 29 15:40:13 +0000 2024","1","Terlihat sangat mustahil untuk indo menang Uzbekistan benar-benar mendominasi + wasit berat sebelah. Tapi semua bisa terjadi dalam sepakbola #AFCU23AsianCup #indonesiavsuzbekistan https://t.co/2iuDDeohJX","1784970954579620193","https://pbs.twimg.com/media/GMV9n6nakAAnr94.jpg","","in","","0","0","0","https://twitter.com/Ravons437963/status/1784970954579620193","1653005071750402048","Ravons437963"
"1784970915601899971","Mon Apr 29 15:40:04 +0000 2024","0","buruan bet Indonesia vs Uzbekistan link website di bio ya. wasit nya ngawur #indonesiavsuzbekistan #Indonesia #gta777 #cmd368 https://t.co/T9voN59yGd","1784970915601899971","https://pbs.twimg.com/media/GMV9D_zb0AA8bvV.jpg","","in","Indonesia","0","0","0","https://twitter.com/SlotGta777/status/1784970915601899971","2881432800","SlotGta777"
"1784970869607178529","Mon Apr 29 15:39:53 +0000 2024","1","AYO BANYAK BANYAK BERDOA AJA GUYS. GAK USAH MISUH-MISUH. UDAH TINGGAL 18 MENIT LAGI. CUMA BISA BANTU DOA INI MAH KUTA. INSYA ALLAH INDONESIA MENANG LAWAN UZBEKISTAN. AAMIIN. #indonesiavsuzbekistan #AFCU23AsianCup #AFCU23","1784970869607178529","","","in","","0","1","0","https://twitter.com/Kayoungiw/status/1784970869607178529","1144782611723591681","Kayoungiw"
"1784970862573371884","Mon Apr 29 15:39:51 +0000 2024","0","Info promo menarik gojek sembari streaming timnas main di Piala Asia U-23 #TimnasDay #AFCU23AsianCup #Indonesia #indonesiavsuzbekistan https://t.co/xIsqLqJ0DU","1784970862573371884","https://pbs.twimg.com/media/GMV9iKQaoAAO5vs.jpg","","in","","0","0","0","https://twitter.com/fernandosbp/status/1784970862573371884","2441136912","fernandosbp"
"1784970644905676808","Mon Apr 29 15:38:59 +0000 2024","0","Wasit sogokan anyingggg... #indonesiavsuzbekistan","1784970644905676808","","","in","","0","0","0","https://twitter.com/txtmandra/status/1784970644905676808","1540360465309528064","txtmandra"
"1784970474604380661","Mon Apr 29 15:38:18 +0000 2024","0","Indonesia menang ! Harus ! #indonesiavsuzbekistan","1784970474604380661","","","in","Indonesia","0","0","0","https://twitter.com/LeeJeongWin/status/1784970474604380661","1276057972414615552","LeeJeongWin"
"1784970425493319782","Mon Apr 29 15:38:07 +0000 2024","0","Ayo kalian bisa balas🇲🇨 #indonesiavsuzbekistan","1784970425493319782","","","in","Depok, Indonesia","0","0","0","https://twitter.com/beardlieve/status/1784970425493319782","1425501589385596929","beardlieve"
"1784970409076752752","Mon Apr 29 15:38:03 +0000 2024","0","KEBOBOLAN TAIII #indonesiavsuzbekistan","1784970409076752752","","","in","Pekanbaru , Riau","0","0","0","https://twitter.com/mickropipet/status/1784970409076752752","1408292615372480515","mickropipet"
"1784970284854104286","Mon Apr 29 15:37:33 +0000 2024","1","Yah akhirnya Uzbekistan cetak goal Bgst izin off wasit kntol #AFCU23AsianCup #indonesiavsuzbekistan https://t.co/hsM4EJZpe7","1784970284854104286","https://pbs.twimg.com/media/GMV9A91acAAhJ3l.jpg","","in","","0","0","0","https://twitter.com/Ravons437963/status/1784970284854104286","1653005071750402048","Ravons437963"
"1784970240075735469","Mon Apr 29 15:37:23 +0000 2024","0","Ayooo ojok kendoooo Isok balik kedudukan #indonesiavsuzbekistan","1784970240075735469","","","in","Kota Surabaya, Jawa Timur","0","0","0","https://twitter.com/dancow_puti/status/1784970240075735469","1256318080839348224","dancow_puti"
"1784970161616998622","Mon Apr 29 15:37:04 +0000 2024","1","INFOKAN IG WASITNYA. APALAH DIA APALAH #AFCU23AsianCup #wasit #Indonesia #indonesiavsuzbekistan","1784970161616998622","","","in","","0","0","0","https://twitter.com/zivthaa/status/1784970161616998622","1693455093683904512","zivthaa"
"1784970131355136489","Mon Apr 29 15:36:57 +0000 2024","0","yhaaaa kek mana ini #indonesiavsuzbekistan https://t.co/8sRYssQybz","1784970131355136489","https://pbs.twimg.com/ext_tw_video_thumb/1784970066783764480/pu/img/BAKkTgQFopD2UdKC.jpg","","in","","0","0","0","https://twitter.com/diapunyamu/status/1784970131355136489","1546171646842548224","diapunyamu"
"1784970126569435456","Mon Apr 29 15:36:55 +0000 2024","0","Serbu wasitnya cuy #indonesiavsuzbekistan #IndonesiaJuara","1784970126569435456","","","in","","0","0","0","https://twitter.com/elsjng_/status/1784970126569435456","1187398604660461568","elsjng_"
"1784970084508905600","Mon Apr 29 15:36:45 +0000 2024","0","Satu kata buat wasit ?? #pialaasiau23 #indonesiavsuzbekistan","1784970084508905600","","","in","Depok, Jawa Barat","0","0","0","https://twitter.com/mikikromaripli/status/1784970084508905600","2439678853","mikikromaripli"
"1784970049251611125","Mon Apr 29 15:36:37 +0000 2024","0","Juancuk wasit var iki meneh....#indonesiavsuzbekistan","1784970049251611125","","","in","indonesia","0","0","0","https://twitter.com/aztellaforhope/status/1784970049251611125","64359213","aztellaforhope"
"1784970024417169592","Mon Apr 29 15:36:31 +0000 2024","0","Pak wasit siap mengakhiri karirmu? #indonesiavsuzbekistan","1784970024417169592","","","in","not in yours","0","0","0","https://twitter.com/vigilinite/status/1784970024417169592","179862245","vigilinite"
"1784970000853606549","Mon Apr 29 15:36:25 +0000 2024","2","Malah kebobolan... 0-1 Cek VAR... cek... #indonesiavsuzbekistan","1784970000853606549","","","in","Jakarta, Indonesia","0","0","0","https://twitter.com/RF1_Racing/status/1784970000853606549","148798002","RF1_Racing"
"1784970000262197338","Mon Apr 29 15:36:25 +0000 2024","0","Tdi perasaan babak pertama pas Marselino jatoh di kotak penalti kaga ada tendangan penalti dahhh.. gajelas begee~ baek² sitt ntar bnyak yg silaturahmi #TimnasDay #IndonesiaVSUzbekistan","1784970000262197338","","","in","Tangerang, Indonesia","0","0","0","https://twitter.com/ur_cayy01/status/1784970000262197338","1035097831231520770","ur_cayy01"
"1784969871669010508","Mon Apr 29 15:35:55 +0000 2024","1","Nobar Indonesia🇮🇩 VS Uzbekistan🇺🇿 #indonesiavsuzbekistan","1784969871669010508","","","in","","0","0","0","https://twitter.com/pischaqaira/status/1784969871669010508","1492888177946017792","pischaqaira"
"1784969794284077562","Mon Apr 29 15:35:36 +0000 2024","0","Bacot wasit nya . #pialaasiau23 #indonesiavsuzbekistan","1784969794284077562","","","in","ÜT: -0.30564,100.368975","0","0","0","https://twitter.com/tonnyliang/status/1784969794284077562","134546640","tonnyliang"
"1784969650658496793","Mon Apr 29 15:35:02 +0000 2024","0","KOK GAK JADIIIII AAAAAAAAAAA #indonesiavsuzbekistan https://t.co/EtgNhU8qjS","1784969650658496793","https://pbs.twimg.com/ext_tw_video_thumb/1784969623244517376/pu/img/Um-dwnYZ6f-c7gKU.jpg","","in","","0","0","0","https://twitter.com/diapunyamu/status/1784969650658496793","1546171646842548224","diapunyamu"
"1784968949773516896","Mon Apr 29 15:32:15 +0000 2024","2","wasit ANJING!!! gue kirim bola api ke rumahnya ya sial #AFCU23AsianCup #indonesiavsuzbekistan","1784968949773516896","","","in","Emirates Stadium ✈","0","0","0","https://twitter.com/titiarra/status/1784968949773516896","99100307","titiarra"
"1784968906542866527","Mon Apr 29 15:32:05 +0000 2024","0","anj kalo wasit nya anj apa apaan cok #TimnasDay #indonesiavsuzbekistan","1784968906542866527","","","in","","0","0","0","https://twitter.com/lemrklegf3/status/1784968906542866527","1604705226610855936","lemrklegf3"
"1784968897793597663","Mon Apr 29 15:32:03 +0000 2024","1","Agak curiga dikit sma wasit.. tapi gol.. tpi pake checking var segala~ halahhh #TimnasDay #IndonesiaVSUzbekistan","1784968897793597663","","","in","Tangerang, Indonesia","0","0","0","https://twitter.com/ur_cayy01/status/1784968897793597663","1035097831231520770","ur_cayy01"
"1784968722534613002","Mon Apr 29 15:31:21 +0000 2024","0","Alhamdulillah gol #indonesiavsuzbekistan https://t.co/k9Aj7hCbil","1784968722534613002","https://pbs.twimg.com/ext_tw_video_thumb/1784968648148553728/pu/img/XpLXBPcZATgO3cdT.jpg","","in","lubuk linggau sumatera selatan","0","1","0","https://twitter.com/mencariSesshoma/status/1784968722534613002","1289087210570960896","mencariSesshoma"
"1784968715920130259","Mon Apr 29 15:31:19 +0000 2024","0","Sumpah nihh wasit bener² ye #indonesiavsuzbekistan","1784968715920130259","","","in","","0","0","0","https://twitter.com/duguseoh/status/1784968715920130259","1213985100230082560","duguseoh"
"1784968700493447527","Mon Apr 29 15:31:15 +0000 2024","0","Alhamdulillah goll euuu #indonesiavsuzbekistan","1784968700493447527","","","in","","0","0","0","https://twitter.com/kennyjnnerrr/status/1784968700493447527","1352889152639889411","kennyjnnerrr"
"1784968647834009883","Mon Apr 29 15:31:03 +0000 2024","0","Eh naon cek2 VAR GOAL kituuu euyyyy... rajelas #indonesiavsuzbekistan","1784968647834009883","","","in","Indonesia","0","0","0","https://twitter.com/rdhopryda/status/1784968647834009883","24348024","rdhopryda"
"1784968512986923026","Mon Apr 29 15:30:31 +0000 2024","0","Komen skor ngab 🇮🇩 Vs 🇺🇿 #TimnasIndonesiaU23 #indonesiavsuzbekistan https://t.co/9ZYYgjDVmy","1784968512986923026","https://pbs.twimg.com/media/GMV7ZfXXIAEwpPQ.jpg","","in","الجبيل, المملكة العربية السعود","0","0","0","https://twitter.com/ayyazahmed1984/status/1784968512986923026","1743349222659825664","ayyazahmed1984"
"1784968489859711447","Mon Apr 29 15:30:25 +0000 2024","1","Mana nih 80 milyarnya? Xixixixi.. #AFCU23AsianCup #indonesiavsuzbekistan","1784968489859711447","","","in","","0","0","0","https://twitter.com/weningdanwening/status/1784968489859711447","1664998400646057992","weningdanwening"
"1784968441230983437","Mon Apr 29 15:30:14 +0000 2024","0","1 - 0 menyala #indonesiavsuzbekistan https://t.co/On8IeF9xK6","1784968441230983437","https://pbs.twimg.com/media/GMV7VjCbMAAMuyf.jpg","","in","","0","0","0","https://twitter.com/Muhamdhusein25/status/1784968441230983437","1715779978170978304","Muhamdhusein25"
"1784968384884638060","Mon Apr 29 15:30:00 +0000 2024","0","GOAAAAALLLLLL 1-0 COK #indonesiavsuzbekistan","1784968384884638060","","","in","","0","1","0","https://twitter.com/Yourboo________/status/1784968384884638060","2425163053","Yourboo________"
"1784968322003751111","Mon Apr 29 15:29:45 +0000 2024","1","GOOOOLLL!!! Indonesia 1 vs 0 Uzbek #indonesiavsuzbekistan","1784968322003751111","","","in","","0","3","1","https://twitter.com/habibthink/status/1784968322003751111","333923119","habibthink"
"1784968193229889555","Mon Apr 29 15:29:15 +0000 2024","0","Uda mulai rame Lucu banget ada yg pake korpri Kayaknya cita² nya dulu pgn jdi pns ya #TimnasDay #indonesiavsuzbekistan #nobar indonesia 2-1 uzbekistan #AsianCupU23 https://t.co/hhKcF1bBuY","1784968193229889555","https://pbs.twimg.com/ext_tw_video_thumb/1784935897877925888/pu/img/rGCWACX2CKh3aNvI.jpg","","in","الجبيل, المملكة العربية السعود","0","0","0","https://twitter.com/ayyazahmed1984/status/1784968193229889555","1743349222659825664","ayyazahmed1984"
"1784968140289609964","Mon Apr 29 15:29:02 +0000 2024","0","Let's goo Garuda Muda! #AsianCupU23 #indonesiavsuzbekistan","1784968140289609964","","","in","ÜT: -6.149055,106.899857","0","0","0","https://twitter.com/AriePGaming/status/1784968140289609964","33970991","AriePGaming"
"1784968133486502051","Mon Apr 29 15:29:00 +0000 2024","0","GOOOOLLLL AKHIRNYAAAA FERARI!! Anjir laah dari tadi udah pesimis + deg2an + hampir pasraaaahhh #TimnasDay #AsianCupU23 #indonesiavsuzbekistan","1784968133486502051","","","in","graveyard","0","0","0","https://twitter.com/aiiabon/status/1784968133486502051","51638035","aiiabon"
"1784968109851312232","Mon Apr 29 15:28:55 +0000 2024","0","Apapun hasilnya nanti kita selalu mendukungmu Garuda Muda Nobar Bareng #TimnasDay Indonesia 2-1 Uzbekistan #indonesiavsuzbekistan #AFCU23AsianCup https://t.co/WlE0Dz0NzE","1784968109851312232","https://pbs.twimg.com/media/GMV7CEeXIAAMCay.jpg","","in","الجبيل, المملكة العربية السعود","0","0","0","https://twitter.com/ayyazahmed1984/status/1784968109851312232","1743349222659825664","ayyazahmed1984"
"1784967910806728874","Mon Apr 29 15:28:07 +0000 2024","0","Ya allah semoga indonesia MENANG Bismillahirrahmanirrahim Menang! Goollll #indonesiavsuzbekistan #indonesiaU23 #SemiFinal https://t.co/kXzvkcojkZ","1784967910806728874","https://pbs.twimg.com/media/GMV62rhb0AAHGKJ.jpg","","in","","0","0","0","https://twitter.com/Lady_JheNong/status/1784967910806728874","24621857","Lady_JheNong"
"1784967573328830680","Mon Apr 29 15:26:47 +0000 2024","1","Komen skor ngab 🇮🇩 Vs 🇺🇿 #TimnasIndonesiaU23 #indonesiavsuzbekistan https://t.co/iYqaby3Tn5","1784967573328830680","https://pbs.twimg.com/media/GMV6i7ObAAA4mrb.jpg","","in","Boyolali, Indonesia","0","0","0","https://twitter.com/Ahmad_Murs1d/status/1784967573328830680","1754309289370632192","Ahmad_Murs1d"
"1784967176996458542","Mon Apr 29 15:25:12 +0000 2024","0","kann kannn.. wasitnya ganti aja #indonesiavsuzbekistan #AFCU23AsianCup #fifa please change your referee for this match ","1784967176996458542","","","in","","0","0","0","https://twitter.com/nindanoo/status/1784967176996458542","349448832","nindanoo"
"1784967156867973213","Mon Apr 29 15:25:07 +0000 2024","0","Pucat betol bg nando malamni. Smoga pertanda baik. #indonesiavsuzbekistan","1784967156867973213","","","in","Indonesia","0","0","0","https://twitter.com/Bhmmxxd/status/1784967156867973213","1719724280022552576","Bhmmxxd"
"1784966776515957074","Mon Apr 29 15:23:37 +0000 2024","0","Akhirnya nemu solusi VPN USA nonton di yutub channel AFC Asian Cup #livestreaming #indonesiavsuzbekistan #Indonesia #indonesiaU23 https://t.co/9jYNP634DY","1784966776515957074","https://pbs.twimg.com/media/GMV50r_aYAEmVNs.jpg","","in","nek pingin eruh DM ae","0","0","0","https://twitter.com/orabahayata/status/1784966776515957074","1403934562074251264","orabahayata"
"1784951915664834880","Mon Apr 29 15:22:13 +0000 2024","0","Berasa main di banten di Serang Mulu #indonesiavsuzbekistan","1784966426694127762","","rdhopryda","in","Indonesia","0","0","0","https://twitter.com/rdhopryda/status/1784966426694127762","24348024","rdhopryda"
"1784966026100363736","Mon Apr 29 15:20:38 +0000 2024","4","Ayo timnas bikin menyela #indonesiavsuzbekistan https://t.co/wSGYYRA2hl","1784966026100363736","","","in","","0","1","4","https://twitter.com/live_bola_epl/status/1784966026100363736","1604151862231732224","live_bola_epl"
"1784965359336144934","Mon Apr 29 15:17:59 +0000 2024","0","Semangat timnas #indonesiavsuzbekistan https://t.co/srnURwOfql","1784965359336144934","https://pbs.twimg.com/media/GMV4iNrbkAAqOYU.jpg","","in","","0","0","0","https://twitter.com/tripleJ0000/status/1784965359336144934","1731032179503947776","tripleJ0000"
"1784965223402864909","Mon Apr 29 15:17:26 +0000 2024","0","sananta di 45 menit awal : ~berlarian kesana kemari dan tertawa~ #AFCU23AsianCup #indonesiavsuzbekistan","1784965223402864909","","","in","","0","0","0","https://twitter.com/rivaaaaa13/status/1784965223402864909","1283910162604896257","rivaaaaa13"
"1784964842799157707","Mon Apr 29 15:15:56 +0000 2024","0","Bek2 monster Uzbek udh jaga gawang nya perawan selama kompetisi... kl Indonesia bisa mecah telornya bakal jadi capaian membanggakan... 🇮🇩 #TimnasDay #indonesiavsuzbekistan https://t.co/BIVBk7hTCv","1784964842799157707","https://pbs.twimg.com/media/GMV4EIvacAAsu5g.jpg","","in","","0","0","0","https://twitter.com/amed_jow/status/1784964842799157707","110753341","amed_jow"
"1784950992087433540","Mon Apr 29 15:15:48 +0000 2024","0","Nobar di alun-alun Sragen. War byasa sodara-sodara 🇮🇩 #timnasday #indonesia #indonesiavsuzbekistan https://t.co/HArDwPOT7v","1784964812461789555","https://pbs.twimg.com/media/GMV4CAUbkAA-yTV.jpg","caturnonk","in","Indonesia 🇮🇩","0","1","0","https://twitter.com/caturnonk/status/1784964812461789555","990706086","caturnonk"
"1784964662850945411","Mon Apr 29 15:15:13 +0000 2024","0","Babak ke2 🇮🇩🇮🇩🇮🇩🇮🇩 #indonesiavsuzbekistan https://t.co/X46KrdiLap","1784964662850945411","https://pbs.twimg.com/ext_tw_video_thumb/1784964493069656064/pu/img/E_zj8kVKZS2ujEzA.jpg","","in","Kota Makassar, Sulawesi Selata","0","0","0","https://twitter.com/AndryFadilat/status/1784964662850945411","1365838119350640644","AndryFadilat"
"1784964480210026684","Mon Apr 29 15:14:29 +0000 2024","1","Babak kedua semifinal #PialaAsiaU23 #Indonesia 0-0 #Uzbekistan mulai #indonesiavsuzbekistan","1784964480210026684","","","in","","0","0","0","https://twitter.com/sepbol_official/status/1784964480210026684","712073103631785985","sepbol_official"
"1784964100357074973","Mon Apr 29 15:12:59 +0000 2024","0","Ribuan Orang Menyemut di Balaikota Depok Seru Nobar Timnas Indonesia VS Uzbekistan #indonesiavsuzbekistan https://t.co/2jHaJ82Jmv","1784964100357074973","","","in","Kebayoran Lama, Indonesia","0","0","0","https://twitter.com/disway_id/status/1784964100357074973","1504683416314585090","disway_id"
"1784964087337943048","Mon Apr 29 15:12:56 +0000 2024","3","Kami pun gugup bray.. kamu gugup ngak? #AFCU23AsianCup #indonesiavsuzbekistan","1784964087337943048","","","in","Manado","0","0","0","https://twitter.com/CovenVi/status/1784964087337943048","65017264","CovenVi"
"1784963904264978842","Mon Apr 29 15:12:12 +0000 2024","0","Yang kebelet nonton khusus browser PC/LAPTOP/Andro kalian buka di chrome ketik ae proxy copy link dibawah jangan masukin akun youtube kalian enjoy gratisan.... #TimnasDay #AFCU23AsianCup #RCTID #YouTube_Number_i #indonesiavsuzbekistan #indonesiaU23","1784963904264978842","","","in","","0","0","0","https://twitter.com/XgantengX/status/1784963904264978842","1482563472391290880","XgantengX"
"1784963715265175969","Mon Apr 29 15:11:27 +0000 2024","0","LIVE Streaming Timnas INDONESIA 🇮🇩 vs UZBEKISTAN 🇺🇿 Link Vision+ https://t.co/8q1kCMZ1YP Link Live Streaming Timnas Indonesia U-23 vs Timnas Uzbekistan U-23 AFC U-23 Asian Cup 2024 #TimnasDay #AFCU23AsianCup #TimNasDay #AsianCupU23 #AFCU23 #indonesiavsuzbekistan https://t.co/kOQTgbaK1g","1784963715265175969","https://pbs.twimg.com/tweet_video_thumb/GMV3CJoWkAIGXnP.jpg","","in","","0","0","0","https://twitter.com/alahlysimba/status/1784963715265175969","1776065097061875712","alahlysimba"
"1784963505092702515","Mon Apr 29 15:10:37 +0000 2024","0","LIVE Streaming Timnas INDONESIA 🇮🇩 vs UZBEKISTAN 🇺🇿 Link Vision+ https://t.co/GVT0Y6gqRA Link Live Streaming Timnas Indonesia U-23 vs Timnas Uzbekistan U-23 AFC U-23 Asian Cup 2024 #TimnasDay #AFCU23AsianCup #TimNasDay #AsianCupU23 #AFCU23 #indonesiavsuzbekistan https://t.co/skW91HqBpr","1784963505092702515","https://pbs.twimg.com/tweet_video_thumb/GMV214jWcAEmswg.jpg","","in","Espana","0","0","0","https://twitter.com/mcilivehd/status/1784963505092702515","1754232558882009088","mcilivehd"
"1784963448088166619","Mon Apr 29 15:10:23 +0000 2024","1","Nobar Timnas Indonesia di BKB Palembang #nobartimnas #indonesiavsuzbekistan #indonesiaU23 https://t.co/eCprhimspK","1784963448088166619","https://pbs.twimg.com/ext_tw_video_thumb/1784963402148007936/pu/img/mYOWqb1RYYb0Gsng.jpg","","in","Sumatera Selatan ","0","0","0","https://twitter.com/Hendrisusilo_/status/1784963448088166619","459982178","Hendrisusilo_"
"1784963371999400426","Mon Apr 29 15:10:05 +0000 2024","0","VAR na peuting iyeu mah kurang bersahabat... Kade 'jang #indonesiavsuzbekistan","1784963371999400426","","","in","Milan, Lombardy","0","0","0","https://twitter.com/ilbanditomilano/status/1784963371999400426","1255548512936157184","ilbanditomilano"
"1784962470605648033","Mon Apr 29 15:06:30 +0000 2024","0","jantung aman? #AFCU23AsianCup #indonesiavsuzbekistan #pssi #indopride","1784962470605648033","","","in","","0","0","0","https://twitter.com/dekadenamorfati/status/1784962470605648033","1086817139795750912","dekadenamorfati"
"1784962398010667127","Mon Apr 29 15:06:13 +0000 2024","0","0 - 0 Indonesia vs Uzbekistan #rgyas #viralvideo #indonesiavsuzbekistan https://t.co/2GCUDpa8bE","1784962398010667127","https://pbs.twimg.com/media/GMV11wObYAA2dWx.jpg","","in","","0","0","0","https://twitter.com/CjrSoenda/status/1784962398010667127","1612427680854724609","CjrSoenda"
"1784962361587327198","Mon Apr 29 15:06:04 +0000 2024","0","Kumaha barudaks. Masih Optimis keneh Timnas Indonesia menang lawab uzbek? Ku doa kabeh mah moal aya nu teu mungkin Indonesia Menang lawan Uzbekistan #indonesiavsuzbekistan #TimnasIndonesiaU23 #TimnasDay #TimnasIndonesia","1784962361587327198","","","in","Jawa Barat","0","0","1","https://twitter.com/cangehgarrr/status/1784962361587327198","327140552","cangehgarrr"
"1784962294688186757","Mon Apr 29 15:05:48 +0000 2024","0","Jadwal Siaran Langsung Indonesia vs Uzbekistan di Piala Asia U-23 https://t.co/V7zOXDyk2d #pialaasiau23 #timnasindonesiau23 #timnasindonesia #indonesiavsuzbekistan #beritabola #beritasepakbola https://t.co/TOg8uSDzke","1784962294688186757","https://pbs.twimg.com/media/GMV1rG5aMAAvicN.jpg","","in","","0","0","0","https://twitter.com/SBajutren42185/status/1784962294688186757","1712328806562934784","SBajutren42185"
"1784905579523354729","Mon Apr 29 15:05:34 +0000 2024","0","@idextratime Uzbek main nya bgs tp dalam jumlah doa kita menang semoga keberuntungan bisa didapatkan bravo Indonesia ku #indonesiavsuzbekistan","1784962235120640082","","idextratime","in","Palembang","0","0","0","https://twitter.com/mardena1788/status/1784962235120640082","1141056002","mardena1788"
"1784962110860239151","Mon Apr 29 15:05:04 +0000 2024","0","Efek samping Nonton timnas yaitu dapat mengurangi resiko #Siksalembur bagi bapak Buruh Pabrik..wkwk #indonesiavsuzbekistan #indonesiaU23 https://t.co/sDUxDZW6TK","1784962110860239151","https://pbs.twimg.com/media/GMV1kV_aEAA0Ac6.jpg","","in","","0","0","0","https://twitter.com/RezaRahmaputra/status/1784962110860239151","1608882104963825665","RezaRahmaputra"
"1784961936662118491","Mon Apr 29 15:04:23 +0000 2024","0","Pemain uzbek ini ngeri-ngeri sedap. #AFCU23AsianCup #indonesiavsuzbekistan #indonesiajuara","1784961936662118491","","","in","indonesia","0","0","0","https://twitter.com/tuantelinga/status/1784961936662118491","3179290940","tuantelinga"
"1784961425280270832","Mon Apr 29 15:02:21 +0000 2024","0","Nyokap gue naik kekamar duluan karena gak kuat nahan napas tiap indonesia diserang meanwhile gue sambil makan cromboloni ampe ga ada nikmat2nya gara2 deg2an. #indonesiavsuzbekistan","1784961425280270832","","","in","kinda ia","0","0","0","https://twitter.com/Serenata0/status/1784961425280270832","1183328611282997248","Serenata0"
"1784961336231006340","Mon Apr 29 15:02:00 +0000 2024","0","Tinggal Diklik Aja 3 Link Live Streaming Semifinal Piala Asia U23 Timnas Indonesia U23 Vs Uzbekistan Malam Ini https://t.co/NUCX5iH1O0 #TimnasDay #TimnasIndonesia #TimnasIndonesiaU23 #indonesiavsuzbekistan #Uzbeistan #AFCU23AsianCup","1784961336231006340","","","in","Banten","0","0","0","https://twitter.com/palimadotid/status/1784961336231006340","1589772343563366400","palimadotid"
"1784961098657202233","Mon Apr 29 15:01:03 +0000 2024","0","Ga dikasih bola sama si usbek tenang masih ada babak ke-2 #indonesiavsuzbekistan","1784961098657202233","","","in","","0","0","0","https://twitter.com/Simplemaen_/status/1784961098657202233","1322121080031514625","Simplemaen_"
"1784960926309101655","Mon Apr 29 15:00:22 +0000 2024","0","Babak pertama yg berat. Semoga di babak kedua Indonesia bisa keluar dari tekanan bermain lebih baik dan cetak gol kemenangan. #TimnasDay #indonesiaU23 #indonesiavsuzbekistan","1784960926309101655","","","in","","0","0","0","https://twitter.com/ZaynNahri/status/1784960926309101655","1700795088195223552","ZaynNahri"
"1784960877416083941","Mon Apr 29 15:00:10 +0000 2024","0","Ini gua doang yang mikir kalau wasitnya sedikit condong ke uzbekistan apa bagemana? Astaghfirullah #TimnasU23 #indonesiavsuzbekistan #indonesiaU23","1784960877416083941","","","in","Cilacap, Jawa Tengah","0","0","0","https://twitter.com/Ayii5422/status/1784960877416083941","1587088694543990785","Ayii5422"
"1784960835955429673","Mon Apr 29 15:00:00 +0000 2024","1","Live Streaming Timnas Indonesia Vs Uzbekistan di Semifinal AFC U23 Asian Cup Qatar 2024 https://t.co/OpCnwHMA1t lewat @Destinasi Bandung #Pialaasiacupu23 #indonesiavsuzbekistan #indonesiaU23","1784960835955429673","","","in","Bandung, Indonesia","0","0","0","https://twitter.com/destinasibdg/status/1784960835955429673","2789285389","destinasibdg"
"1784960614504468814","Mon Apr 29 14:59:08 +0000 2024","0","suasana nobar semifinal piala asia u23 berlokasi di depan kantor pemadam kebakaran kecamatan wangon kabupaten banyumas. #AsianCupU23 #indonesiavsuzbekistan https://t.co/Y5TAC3dhVG","1784960614504468814","https://pbs.twimg.com/ext_tw_video_thumb/1784960590823485440/pu/img/JRnBSH_bS8L95ToJ.jpg","","in","Indonesia","0","0","0","https://twitter.com/orailok/status/1784960614504468814","1278558869002743813","orailok"
"1784960592996155680","Mon Apr 29 14:59:02 +0000 2024","2","Halftime Apaan ini cok Uzbek udah 10 shot 3 on target. Indo jangankan shot masuk kotak penalty Uzbek aja setengah mati susahnya . #AFCU23AsianCup #TimnasDay #indonesiavsuzbekistan https://t.co/NJzKzBv3ze","1784960592996155680","https://pbs.twimg.com/media/GMV0MxubIAAeUzS.jpg","","in","","1","1","0","https://twitter.com/Ravons437963/status/1784960592996155680","1653005071750402048","Ravons437963"
"1784921919881617538","Mon Apr 29 14:58:37 +0000 2024","0","@SiaranBolaLive salam dari demak city #TimnasDay #indonesiavsuzbekistan #GarudaJuara https://t.co/mvTVHFYVGd","1784960484904726858","https://pbs.twimg.com/ext_tw_video_thumb/1784959865456386048/pu/img/llAJCuWGh85Hud8b.jpg","SiaranBolaLive","in","Black hole","0","0","0","https://twitter.com/brahm_id/status/1784960484904726858","348943526","brahm_id"
"1784960422321475815","Mon Apr 29 14:58:22 +0000 2024","1","Indonesia vs Uzbekistan Masih 0-0 guys Semoga Indonesia menang aminnn #Indonesia #indonesiaU23 #indonesiavsuzbekistan https://t.co/aLRJj2FbrA","1784960422321475815","https://pbs.twimg.com/media/GMV0CklbcAAglz_.jpg","","in","Indonesia NTB","0","0","0","https://twitter.com/PratamaJhan/status/1784960422321475815","1302272550039252992","PratamaJhan"
"1784907325658316871","Mon Apr 29 14:57:37 +0000 2024","0","@utdfocusid @bliblidotcom Ayo Garuda Muda #indonesiavsuzbekistan","1784960233619787962","","utdfocusid","in","The New Bantaeng, Indonesia","0","0","0","https://twitter.com/Lerbianto_/status/1784960233619787962","111594759","Lerbianto_"
"1784960137985483106","Mon Apr 29 14:57:14 +0000 2024","1","Babak pertama uzbekistan masih dominan semoga babak ke-2 Timnas lebih banyak perlawana #indonesiavsuzbekistan","1784960137985483106","","","in","Indonesia","0","0","0","https://twitter.com/patrisiusmartin/status/1784960137985483106","2301207336","patrisiusmartin"
"1784960137478001120","Mon Apr 29 14:57:14 +0000 2024","0","Tinggal Diklik Aja 3 Link Live Streaming Semifinal Piala Asia U23 Timnas Indonesia U23 Vs Uzbekistan Malam Ini https://t.co/BOAdfmVSEE #TimnasDay #TimnasIndonesia #TimnasIndonesiaU23 #Uzbeistan #AFCU23AsianCup #indonesiavsuzbekistan","1784960137478001120","","","in","","0","0","0","https://twitter.com/ProSerang/status/1784960137478001120","1567133173477437440","ProSerang"
"1784960112467300660","Mon Apr 29 14:57:08 +0000 2024","0","Ribuan masyarakat memadati Gedung Negara Grahadi Surabaya untuk nonton bareng (nobar) laga semifinal Piala Asia U-23 Indonesia vs Uzbekistan. https://t.co/1T0WWeEN1g #Grahadi #Surabaya #TimnasU23 #IndonesiavsUzbekistan #PialaAsia","1784960112467300660","","","in","Surabaya","0","0","0","https://twitter.com/ngopibareng_id/status/1784960112467300660","1291246080269545472","ngopibareng_id"
"1784959676670697849","Mon Apr 29 14:55:24 +0000 2024","0","Wasit sepihak anjirr #indonesiavsuzbekistan https://t.co/fHQHZz2mkt","1784959676670697849","https://pbs.twimg.com/media/GMVzW_raYAIKCm5.jpg","","in","","0","0","0","https://twitter.com/Restuaris2/status/1784959676670697849","1489667264706056192","Restuaris2"
"1784959656395411616","Mon Apr 29 14:55:19 +0000 2024","0","Pesimis #indonesiavsuzbekistan","1784959656395411616","","","in","Single Planet","0","0","0","https://twitter.com/poporonigrat/status/1784959656395411616","1485467865038077953","poporonigrat"
"1784951915664834880","Mon Apr 29 14:55:17 +0000 2024","0","Berasa main bola pake setengah lapangan. #indonesiavsuzbekistan","1784959648082354247","","rdhopryda","in","Indonesia","0","1","0","https://twitter.com/rdhopryda/status/1784959648082354247","24348024","rdhopryda"
"1784959188982173877","Mon Apr 29 14:53:28 +0000 2024","0","Sananta ngehe ye! Wall pass berantakan passing 1-2 ngawur positioning kemane2 pressing nanggung! #indonesiavsuzbekistan","1784959188982173877","","","in","Indonesia","0","0","0","https://twitter.com/achsetiadi/status/1784959188982173877","77469771","achsetiadi"
"1784959020354420939","Mon Apr 29 14:52:48 +0000 2024","0","dukunganku ke #TimnasIndonesia dengan nggak nonton pertandingannya soalnya biasanya pas aku nonton itu pas kalah huaaa: (( SEMANGAT KIDS #TimnasU23 #TimnasIndonesiaU23 #IndonesiavsUzbekistan","1784959020354420939","","","in","Yogyakarta, Indonesia","0","0","0","https://twitter.com/FRiasati/status/1784959020354420939","2185798010","FRiasati"
"1784958831078044077","Mon Apr 29 14:52:02 +0000 2024","1","IndonesiaVsUzbekistan https://t.co/3hRIJtHI1H","1784958831078044077","https://pbs.twimg.com/ext_tw_video_thumb/1784958800149286912/pu/img/tQJRlQ6NYytxT89j.jpg","","in","Kota Surabaya, Jawa Timur","0","0","0","https://twitter.com/AFirda226/status/1784958831078044077","1774828671595089921","AFirda226"
"1784958280814702745","Mon Apr 29 14:49:51 +0000 2024","0","Warga Bekasi merayakan #TimnasDay #TimnasDaylive malam ini seharusnya Garuda mendunia! #GarudaJuara #Bekasi #indonesiavsuzbekistan https://t.co/aUFH20HaFr","1784958280814702745","https://pbs.twimg.com/ext_tw_video_thumb/1784958205225050113/pu/img/5ClfMlg-LVZz2AF5.jpg","","in","","0","0","0","https://twitter.com/TitikTerangNews/status/1784958280814702745","1192389223313096704","TitikTerangNews"
"1784957958767718489","Mon Apr 29 14:48:34 +0000 2024","0","Asli wasit #indonesiavsuzbekistan katrok banget asuuu. Tolol entah dikasih duit berapa tuh. Wasit VAR juga ga jelas tai lah","1784957958767718489","","","in","","0","0","0","https://twitter.com/Bivackcocol/status/1784957958767718489","1667703223757701120","Bivackcocol"
"1784957899921559862","Mon Apr 29 14:48:20 +0000 2024","0","Liat Timnasday live via X tidak ada yang lancar buka YouTube lancar. #AFCU23AsianCup #indonesiavsuzbekistan https://t.co/LQj5pVV4AD","1784957899921559862","","","in","","0","0","0","https://twitter.com/doncharbone/status/1784957899921559862","1474735144531468291","doncharbone"
"1784957868082639058","Mon Apr 29 14:48:13 +0000 2024","0","LIVE REPORT: Indonesia vs Uzbekistan di Piala Asia U-23 Watch here: https://t.co/CsfiIKmGVo #Indonesia #indonesiavsuzbekistan #AsianCupU23 https://t.co/4yypw0QFMg","1784957868082639058","https://pbs.twimg.com/media/GMVxuJ3bcAAmb2W.jpg","","in","","0","0","0","https://twitter.com/bitcoinworld_1/status/1784957868082639058","1756776691782098944","bitcoinworld_1"
"1784957717628805279","Mon Apr 29 14:47:37 +0000 2024","0","Koşan ndadak rame bnyak yg lagi nonton bola #indonesiavsuzbekistan #AFCU23AsianCup #AFCU23","1784957717628805279","","","in","","0","0","0","https://twitter.com/yyuuunhi/status/1784957717628805279","114995950","yyuuunhi"
"1784957508089770002","Mon Apr 29 14:46:47 +0000 2024","0","Semoga menang #indonesiavsuzbekistan #TimnasDay","1784957508089770002","","","in","Indonesia","0","0","0","https://twitter.com/FudinZet/status/1784957508089770002","232201263","FudinZet"
"1784957474484916338","Mon Apr 29 14:46:39 +0000 2024","0","Nonton Timnas Vs Uzbekistan di Server TV Arab banyak Do'a nya buat Timnas Indonesia. #STYTerbaik #TimnasDay #AFCU23AsianCup #indonesiavsuzbekistan #indonesiaU23 #KitaGaruda #GarudaJuara https://t.co/Hj0mIhhdYx","1784957474484916338","https://pbs.twimg.com/ext_tw_video_thumb/1784957403420872704/pu/img/vhx-yWzfxGtVVU1m.jpg","","in","semarang","0","0","0","https://twitter.com/wansrachman/status/1784957474484916338","2150086939","wansrachman"
"1784957132003025164","Mon Apr 29 14:45:17 +0000 2024","1","Meh nonton Indonesia kudu di apusi ngene iki po yoo #indonesiavsuzbekistan https://t.co/4oWRUXKRJh","1784957132003025164","https://pbs.twimg.com/media/GMVxDIxXAAAyO3s.jpg","","in","Tanah Abang, Indonesia","0","0","0","https://twitter.com/sinarsangsurya/status/1784957132003025164","845429244","sinarsangsurya"
"1784956598781423696","Mon Apr 29 14:43:10 +0000 2024","0","Ya Allah senam jantung #TimnasDay #indonesiavsuzbekistan","1784956598781423696","","","in","Haurgeulis Jawa Barat ","0","0","0","https://twitter.com/Nyaisanak/status/1784956598781423696","1118463774","Nyaisanak"
"1784956590350852590","Mon Apr 29 14:43:08 +0000 2024","0","Cowo Uzbek gantengnya pas. Ngga terlalu gurih. #AFCU23AsianCup #TimnasDay #indonesiavsuzbekistan","1784956590350852590","","","in","land of Paradox","0","1","0","https://twitter.com/Jominangg/status/1784956590350852590","394579467","Jominangg"
"1784956476135710760","Mon Apr 29 14:42:41 +0000 2024","0","Masih disuruh sabar dan bertahan. Senam jantung #TimnasIndonesiaU23 #soccer #indonesiavsuzbekistan","1784956476135710760","","","in","Indonesia ","0","0","0","https://twitter.com/GiyokAe/status/1784956476135710760","1538490191358619648","GiyokAe"
"1784956199131369657","Mon Apr 29 14:41:35 +0000 2024","0","Bagi link stream #indonesiavsuzbekistan dong","1784956199131369657","","","in","Jakarta Pusat, DKI Jakarta","0","0","0","https://twitter.com/heyychachaa/status/1784956199131369657","53831766","heyychachaa"
"1784955882222363014","Mon Apr 29 14:40:19 +0000 2024","1","Ketika satu indonesia nonton bola Indonesia vs uzbekistan. Gw yang gak tegaan ini lebih milih diem di kamar Berdoa supaya Indonesia menang. Karena kalau gw nntn dan blm rejeki Indonesia buat menang butuh waktu berhari2 buat gw nerima kenyataan #eaaa #indonesiavsuzbekistan","1784955882222363014","","","in","Tangerang, Banten","0","0","0","https://twitter.com/arfiamurni/status/1784955882222363014","25036207","arfiamurni"
"1784955711115739227","Mon Apr 29 14:39:39 +0000 2024","0","Indonesia vs Uzbekistan di Piala Asia U-23 Watch here: https://t.co/gxhO453Glz #Indonesia #indonesiavsuzbekistan #AsianCupU23 #broadcast #LIVE REPORT #sports https://t.co/6nCIU0ebX5","1784955711115739227","https://pbs.twimg.com/media/GMVvwpnakAAHukV.jpg","","in","","0","0","0","https://twitter.com/bitcoinworld_1/status/1784955711115739227","1756776691782098944","bitcoinworld_1"
"1784955444160856087","Mon Apr 29 14:38:35 +0000 2024","0","Bahkan kaum difabel pun juga diperas! Ga tanggung2 hampir Rp400 jt. Kurang sadis apa Babang Curang. #TimnasDay #indonesiavsuzbekistan","1784955444160856087","","","in","Indonesia","0","0","0","https://twitter.com/nyak_ih_meutuah/status/1784955444160856087","485230427","nyak_ih_meutuah"
"1784955364112523558","Mon Apr 29 14:38:16 +0000 2024","2","ALLAHUMMA SHOLLI ALA SAYYIDINA MUHAMMAD... YA ALLAH INDONESIA SEMOGA MENANGGGGGG!!!! AAMIIN #TimnasDay #indonesiavsuzbekistan","1784955364112523558","","","in","","0","0","0","https://twitter.com/terlaluawikwok/status/1784955364112523558","1196340919684911104","terlaluawikwok"
"1784955335972966662","Mon Apr 29 14:38:09 +0000 2024","65","Siapa yang lagi nobar Semi Final Indonesia -Uzbekistan malam ini? Tau ga sih kalau ternyata Gus Dur suka sepakbola juga loh! Bahkan Gila Bola! Mau tau cara Gus Dur mengaitkan sepakbola dan memimpin negara? Yuk simak! #TimnasDay #TimnasIndonesia #indonesiavsuzbekistan https://t.co/aC89xh53Wj","1784955335972966662","https://pbs.twimg.com/media/GMVvawGaUAAr5gG.jpg","","in","Indonesia Raya","0","4","15","https://twitter.com/GUSDURians/status/1784955335972966662","200804596","GUSDURians"
"1784955223645253716","Mon Apr 29 14:37:42 +0000 2024","0","Yok bisa yok! Minimal adu pinalti lagi #indonesiavsuzbekistan","1784955223645253716","","","in","","0","1","0","https://twitter.com/teguhputtraf/status/1784955223645253716","861380918","teguhputtraf"
"1784954764482232425","Mon Apr 29 14:35:53 +0000 2024","1","Perasaan pas lawan korsel gak gini amat lah woy daritadi kena serang terus #AFCU23AsianCup #indonesiavsuzbekistan #TimnasDay https://t.co/DMLfcVsZgk","1784954764482232425","https://pbs.twimg.com/media/GMVu5elagAA_LEZ.jpg","","in","","0","0","0","https://twitter.com/Ravons437963/status/1784954764482232425","1653005071750402048","Ravons437963"
"1784954710610542916","Mon Apr 29 14:35:40 +0000 2024","2","Monggo yang belum bisa nobar ... #indonesiavsuzbekistan #TimnasIndonesiaU23 #indonesiaU23 https://t.co/llREBoP3Il","1784954710610542916","","","in","Magetan, Indonesia","1","0","0","https://twitter.com/LainbaHK/status/1784954710610542916","1031349174585810944","LainbaHK"
"1784954432331096545","Mon Apr 29 14:34:34 +0000 2024","0","LIVE REPORT: Indonesia vs Uzbekistan di Piala Asia U-23 Watch here: https://t.co/cR7F76fI4v #Indonesia #indonesiavsuzbekistan #AsianCupU23 https://t.co/c967ADluhe","1784954432331096545","https://pbs.twimg.com/media/GMVumIPawAAeTKf.jpg","","in","","0","0","0","https://twitter.com/bitcoinworld_1/status/1784954432331096545","1756776691782098944","bitcoinworld_1"
"1784953993380417904","Mon Apr 29 14:32:49 +0000 2024","0","Bau wasit mulai agak aneh ini #AFCU23 #indonesiavsuzbekistan","1784953993380417904","","","in","Yogyakarta,Indonesia","0","0","0","https://twitter.com/Andreaz07/status/1784953993380417904","68620017","Andreaz07"
"1784953875667239381","Mon Apr 29 14:32:21 +0000 2024","0","Semoga Indonesia menang !!! Ayo Indonesia Garuda Bisa! #TimnasDay #TimnasIndonesia #PialaAsiaU23 #GarudaMendunia #GarudaJuara #indonesiavsuzbekistan #indonesiabersinar https://t.co/22QiRKCvrQ","1784953875667239381","https://pbs.twimg.com/ext_tw_video_thumb/1784953842779738112/pu/img/flteU8bL6CTq4sRd.jpg","","in","","0","0","0","https://twitter.com/TitikTerangNews/status/1784953875667239381","1192389223313096704","TitikTerangNews"
"1784953715717509147","Mon Apr 29 14:31:43 +0000 2024","0","Gak baik buat jantung #indonesiavsuzbekistan","1784953715717509147","","","in","Pontianak","0","0","0","https://twitter.com/asim_afandi/status/1784953715717509147","2912854674","asim_afandi"
"1784953703419789344","Mon Apr 29 14:31:40 +0000 2024","0","Aku bagian yg nonton pembukaan nya aja abis selesai nyanyi Indonesia Raya langsung melipir ke kamar Nanti klo Indonesia menang kabarin yaa #indonesiavsuzbekistan #PialaAsiaU23","1784953703419789344","","","in","","0","0","0","https://twitter.com/sheaah55/status/1784953703419789344","1528698282674823169","sheaah55"
"1784953703147159774","Mon Apr 29 14:31:40 +0000 2024","0","Gagal dpt penalti #TimnasDay #indonesiavsuzbekistan https://t.co/tH8CmAUA89","1784953703147159774","https://pbs.twimg.com/ext_tw_video_thumb/1784953583219486720/pu/img/WtHSwhKM5JKSNZu3.jpg","","in","","0","0","0","https://twitter.com/IsmailRecca/status/1784953703147159774","1037944507378020352","IsmailRecca"
"1784953608842473837","Mon Apr 29 14:31:17 +0000 2024","0","Fiks wasitnya dibayar bukan probono #indonesiavsuzbekistan","1784953608842473837","","","in","Tangerang - Banda Aceh - Jogja","0","0","0","https://twitter.com/esonesia/status/1784953608842473837","10352972","esonesia"
"1784953607848444358","Mon Apr 29 14:31:17 +0000 2024","0","Wasitnya perlu d laporkan k Mahkamah Kehormatan Wasit nih #indonesiavsuzbekistan","1784953607848444358","","","in","Jakarta Indonesia","1","0","0","https://twitter.com/alexgufron/status/1784953607848444358","203956775","alexgufron"
"1784953583156478343","Mon Apr 29 14:31:11 +0000 2024","0","KENCANGKAN SHOLWAT &amp; DOA TEMAN TEMAANNNNN #TimnasDay #indonesiavsuzbekistan","1784953583156478343","","","in","","0","0","0","https://twitter.com/terlaluawikwok/status/1784953583156478343","1196340919684911104","terlaluawikwok"
"1784953526981939312","Mon Apr 29 14:30:58 +0000 2024","0","Alhamdulillah selamat masih ada mistar gawang. #indonesiavsuzbekistan","1784953526981939312","","","in","indonesia","0","0","0","https://twitter.com/tuantelinga/status/1784953526981939312","3179290940","tuantelinga"
"1784953483592081750","Mon Apr 29 14:30:47 +0000 2024","0","ngakakkk #indonesiavsuzbekistan","1784953483592081750","","","in","Kudus, Indonesia","0","0","0","https://twitter.com/_Gopalll/status/1784953483592081750","1553771797182816257","_Gopalll"
"1784953345029140649","Mon Apr 29 14:30:14 +0000 2024","0","Padahal di sleding didalam itu #AFCU23AsianCup #indonesiavsuzbekistan","1784953345029140649","","","in","Bulukumba, South Celebes","0","0","0","https://twitter.com/asal_kauji/status/1784953345029140649","2743882272","asal_kauji"
"1784953194063491146","Mon Apr 29 14:29:38 +0000 2024","0","Link Nonton live Streaming Timnas Indonesia Vs Uzbekistan di Semifinal Piala Asia U 23 2024 Malam Ini #Timnas #TimnasDay #TimnasIndonesiaU23 #TimnasU23 #Indonesia #indonesiavsuzbekistan #PialaAsiaU23 #AFCU23 https://t.co/4PeVsWLTFl","1784953194063491146","","","in","Indonesia","0","1","0","https://twitter.com/DPritantiani/status/1784953194063491146","1327111998","DPritantiani"
"1784953142700114360","Mon Apr 29 14:29:26 +0000 2024","0","Link Nonton live Streaming Timnas Indonesia Vs Uzbekistan di Semifinal Piala Asia U 23 2024 Malam Ini #Timnas #TimnasDay #TimnasIndonesiaU23 #TimnasU23 #Indonesia #indonesiavsuzbekistan #PialaAsiaU23 #AFCU23 https://t.co/6lpF2DTwdM","1784953142700114360","","","in","","0","1","0","https://twitter.com/Pritantian78509/status/1784953142700114360","1775709752854716416","Pritantian78509"
"1784953109812490570","Mon Apr 29 14:29:18 +0000 2024","0","suasana nobar timnas #TimnasDay #indonesiavsuzbekistan https://t.co/GWl2CAMi7f","1784953109812490570","https://pbs.twimg.com/media/GMVtYi3aUAAIfvT.jpg","","in","Prambanan, Indonesia","0","1","0","https://twitter.com/yenitann/status/1784953109812490570","1106218899958165504","yenitann"
"1784952844095033580","Mon Apr 29 14:28:15 +0000 2024","0","Link Nonton live Streaming Timnas Indonesia Vs Uzbekistan di Semifinal Piala Asia U 23 2024 Malam Ini #Timnas #TimnasDay #TimnasIndonesiaU23 #TimnasU23 #Indonesia #indonesiavsuzbekistan #PialaAsiaU23 #AFCU23 https://t.co/E58XJX7Asl","1784952844095033580","","","in","","0","0","0","https://twitter.com/ProSerang/status/1784952844095033580","1567133173477437440","ProSerang"
"1784952544705544294","Mon Apr 29 14:27:04 +0000 2024","0","Link live Streaming Timnas Indonesia U23 Vs Uzbekistan U23 di Semifinal Piala Asia U 23 2024 Malam Ini Live di RCTI #Timnas #TimnasDay #TimnasIndonesiaU23 #TimnasU23 #Indonesia #indonesiavsuzbekistan #PialaAsiaU23 #AFCU23 https://t.co/MKcDdDVlWC","1784952544705544294","","","in","","0","0","0","https://twitter.com/ProSerang/status/1784952544705544294","1567133173477437440","ProSerang"
"1784952534354080020","Mon Apr 29 14:27:01 +0000 2024","0","Woy di dalam kotak pinalty itu foul! #indonesiavsuzbekistan","1784952534354080020","","","in","Indonesia","0","0","0","https://twitter.com/achsetiadi/status/1784952534354080020","77469771","achsetiadi"
"1784952468218233325","Mon Apr 29 14:26:45 +0000 2024","1","Link live Streaming Timnas Indonesia U23 Vs Uzbekistan U23 di Semifinal Piala Asia U 23 2024 Malam Ini Live di RCTI #Timnas #TimnasDay #TimnasIndonesiaU23 #TimnasU23 #Indonesia #indonesiavsuzbekistan #PialaAsiaU23 #AFCU23 https://t.co/eGzPypTPIw","1784952468218233325","","","in","","0","1","0","https://twitter.com/Pritantian78509/status/1784952468218233325","1775709752854716416","Pritantian78509"
"1784952392880181651","Mon Apr 29 14:26:27 +0000 2024","0","Link live Streaming Timnas Indonesia U23 Vs Uzbekistan U23 di Semifinal Piala Asia U 23 2024 Malam Ini Live di RCTI #Timnas #TimnasDay #TimnasIndonesiaU23 #TimnasU23 #Indonesia #indonesiavsuzbekistan #PialaAsiaU23 #AFCU23 https://t.co/XBB7tEwkUT","1784952392880181651","","","in","Indonesia","0","1","0","https://twitter.com/DPritantiani/status/1784952392880181651","1327111998","DPritantiani"
"1784952027271049352","Mon Apr 29 14:25:00 +0000 2024","0","1 kali langkah pemain timnas 10 kali langkah pemain uzbek alias LU KALAH BGT LARINYAA #TimnasU23 #indonesiavsuzbekistan","1784952027271049352","","","in","she/her | 1999","0","0","0","https://twitter.com/voirjiminn/status/1784952027271049352","1322508277951815680","voirjiminn"
"1784952012100284770","Mon Apr 29 14:24:57 +0000 2024","0","Jatah tiket penonton untuk Uzbekistan sepertinya di borong suporternya Indonesia #indonesiavsuzbekistan","1784952012100284770","","","in","Pontianak","0","0","0","https://twitter.com/asim_afandi/status/1784952012100284770","2912854674","asim_afandi"
"1784951752066023730","Mon Apr 29 14:23:55 +0000 2024","0","BERLANGSUNG Link Live Streaming Legal Indonesia vs Uzbekistan Semifinal Piala Asia U23 2024 Malam Ini #indonesiavsuzbekistan #TimnasDay #PialaAsiaU23 #AFCU23AsianCup https://t.co/9QtGryZL5S","1784951752066023730","","","in","Jakarta","0","0","0","https://twitter.com/yudaalexander59/status/1784951752066023730","1343609089662697472","yudaalexander59"
"1784951330400063762","Mon Apr 29 14:22:14 +0000 2024","0","ucapan sekarang : gapapa kalau ga menang gapapa yang penting udah usaha sampai sini bakal terus support kok dalem hati : PLIS MENANG PLIS YA ALLAH MENANG YA ALLAH #PialaAsiaU23 #indonesiavsuzbekistan","1784951330400063762","","","in","life's better on Saturn","0","0","0","https://twitter.com/cookiesaway/status/1784951330400063762","1760329658829324288","cookiesaway"
"1784950641225613774","Mon Apr 29 14:19:30 +0000 2024","0","Bismillah #indonesiavsuzbekistan https://t.co/zkqkO5Cbhr","1784950641225613774","https://pbs.twimg.com/media/GMVrJCca8AAn1yl.jpg","","in","","0","1","0","https://twitter.com/jinjinlav/status/1784950641225613774","786407619787231233","jinjinlav"
"1784950165486625054","Mon Apr 29 14:17:36 +0000 2024","0","Yok menang yok 🇮🇩🇳🇱 #indonesiavsuzbekistan #Indonesia","1784950165486625054","","","in","Soerabaja - Batavia","0","0","0","https://twitter.com/azzamday/status/1784950165486625054","2540936084","azzamday"
"1784949970413711749","Mon Apr 29 14:16:50 +0000 2024","0","20-0 udh gausah nonton indo menang #indonesiavsuzbekistan #TimnasU23 #GarudaDiDadaku","1784949970413711749","","","in","🇮🇩 ✦ she/her ✦ formula 1/2 ✦","0","0","0","https://twitter.com/rubycheesee/status/1784949970413711749","1774817118284132352","rubycheesee"
"1784949835558457519","Mon Apr 29 14:16:18 +0000 2024","0","Kalo lawan Qavar lansung red card itu #indonesiavsuzbekistan","1784949835558457519","","","in","Pontianak","0","0","0","https://twitter.com/asim_afandi/status/1784949835558457519","2912854674","asim_afandi"
"1784949399938011369","Mon Apr 29 14:14:34 +0000 2024","1","Semangat indonesia 🇮🇩 #TimnasDay #indonesiavsuzbekistan https://t.co/pyl6OHRLus","1784949399938011369","https://pbs.twimg.com/media/GMVqAW4bAAAjW4m.jpg","","in","Medan - Jkt","0","0","0","https://twitter.com/annalgaol_/status/1784949399938011369","384262740","annalgaol_"
"1784949155921863154","Mon Apr 29 14:13:36 +0000 2024","0","Ngeriii bos Uzbek ️ #indonesiavsuzbekistan","1784949155921863154","","","in","Indonesia","0","0","0","https://twitter.com/achsetiadi/status/1784949155921863154","77469771","achsetiadi"
"1784949141317234798","Mon Apr 29 14:13:32 +0000 2024","0","Bismillah ... Ayo Indonesia 🇮🇩 #indonesiavsuzbekistan","1784949141317234798","","","in","ÜT: -7.3200103,112.7597768","0","0","0","https://twitter.com/iku_angga/status/1784949141317234798","106005448","iku_angga"
"1784948592773681264","Mon Apr 29 14:11:21 +0000 2024","3","info link streaming #indonesiavsuzbekistan donk guys aku masih di kereta ","1784948592773681264","","","in","SHN","0","3","0","https://twitter.com/FianHyde/status/1784948592773681264","61093316","FianHyde"
"1784948488184426642","Mon Apr 29 14:10:56 +0000 2024","0","Vibesnya berasa nonton liga 1 gak sih gaes Coba lihat tribunnya Timnas Day #AFCU23AsianCup #indonesiavsuzbekistan","1784948488184426642","","","in","","0","0","1","https://twitter.com/imsmzsmzsmi/status/1784948488184426642","790282826155298817","imsmzsmzsmi"
"1784948368911049208","Mon Apr 29 14:10:28 +0000 2024","1","YOO SEMANGATT!!! #TimnasDay #indonesiavsuzbekistan #Nobar https://t.co/DC0uO1pDrB","1784948368911049208","https://pbs.twimg.com/media/GMVpFIUaMAAauAq.jpg","","in","","0","0","0","https://twitter.com/Habibassy_/status/1784948368911049208","1543503957406121985","Habibassy_"
"1784948265747886160","Mon Apr 29 14:10:03 +0000 2024","0","Kualitas RCTI jelek bgt njir kayak 720p udah tv digital minimal 4K lah.. #AFCU23AsianCup #indonesiavsuzbekistan","1784948265747886160","","","in","sacred timeline","0","0","0","https://twitter.com/samsulgalaxys21/status/1784948265747886160","973563667","samsulgalaxys21"
"1784948175004221754","Mon Apr 29 14:09:42 +0000 2024","0","Semangat Garuda Muda Indonesia Bismillah #GarudaMendunia #indonesiavsuzbekistan https://t.co/csOHIt52FI","1784948175004221754","https://pbs.twimg.com/ext_tw_video_thumb/1784948091742998528/pu/img/wTPlG2vGLojb555r.jpg","","in","Indonesia","0","0","0","https://twitter.com/MulyanaAli/status/1784948175004221754","138601264","MulyanaAli"
"1784948124869701758","Mon Apr 29 14:09:30 +0000 2024","1","Efek PEMANASAN GLOBAL permukaan air naik terus lama-lama daratan bisa tenggelam ngeri banget #GlobalWarming #kutub #Ice #viralvideo #TrendingNow #indonesiavsuzbekistan #Indonesia https://t.co/16M1aSFRr6","1784948124869701758","https://pbs.twimg.com/ext_tw_video_thumb/1784948025049468928/pu/img/I-W05YAVxXmxFJ_P.jpg","","in","","0","0","0","https://twitter.com/SiPalingFakta1/status/1784948124869701758","1758824211622293504","SiPalingFakta1"
"1784948014001590674","Mon Apr 29 14:09:03 +0000 2024","1","Kecewa parah mau nonton timnas vs uzbekistan malah ini ngga bisa aplikasi vision udh bayar. Ngga diaktivasiin parah parah. Kecewa berat #vision #TimnasDay #Indonesia #indonesiavsuzbekistan https://t.co/Bgw9oAmmRA","1784948014001590674","https://pbs.twimg.com/media/GMVowVGa4AAjny-.jpg","","in","Depok","0","0","0","https://twitter.com/ali_hudzaifi/status/1784948014001590674","1541121151220727808","ali_hudzaifi"
"1784947927800332377","Mon Apr 29 14:08:43 +0000 2024","0","nonton indonesia dimna sih?? #indonesiavsuzbekistan","1784947927800332377","","","in","planet","0","0","0","https://twitter.com/bwatbacau/status/1784947927800332377","1384476284537823239","bwatbacau"
"1784947739861868630","Mon Apr 29 14:07:58 +0000 2024","0","semoga #indonesiavsuzbekistan bejalan dengan mantabb mimin mau skincare an dulu https://t.co/0orz9nzfuF","1784947739861868630","","","in","Mataram, Indonesia","0","0","0","https://twitter.com/apajanihdsini/status/1784947739861868630","992214096064872448","apajanihdsini"
"1784947366694715439","Mon Apr 29 14:06:29 +0000 2024","0","pen #Nobar tpi mimin harus upload nih #indonesiavsuzbekistan https://t.co/20sMVXNNil","1784947366694715439","","","in","Mataram, Indonesia","0","0","0","https://twitter.com/apajanihdsini/status/1784947366694715439","992214096064872448","apajanihdsini"
"1784947339699822802","Mon Apr 29 14:06:23 +0000 2024","0","Streaming yang komentatornya bahasa inggris please #indonesiavsuzbekistan","1784947339699822802","","","in","","0","0","0","https://twitter.com/cyclocorpse/status/1784947339699822802","49235520","cyclocorpse"
"1784947295899058569","Mon Apr 29 14:06:12 +0000 2024","2","Link Live Streaming Indonesia vs Uzbekistan Sedang Berlangsung Mau Nonton Timnas KLIK DI SINI https://t.co/XJJcdDr91U #TimnasDay #TimnasIndonesia #TimnasU23 #PialaAsiaU23 #AFCU23AsianCup #indonesiavsuzbekistan #Indonesia #Uzbekistan #Livestream #livestreaming","1784947295899058569","","","in","Kuningan, Jawa Barat","0","0","1","https://twitter.com/PR_Kuningan/status/1784947295899058569","1337831150287384576","PR_Kuningan"
"1784947142270005741","Mon Apr 29 14:05:36 +0000 2024","0","prediksi skor? #TimnasDay #indonesiavsuzbekistan","1784947142270005741","","","in","","0","0","0","https://twitter.com/f0ffly/status/1784947142270005741","1494160649684799489","f0ffly"
"1784947057339646283","Mon Apr 29 14:05:15 +0000 2024","1","Ini 2 link nonton live streaming Timnas U23 Indonesia vs Uzbekistan di Piala Asia 2024 malam ini: langsung tonton di sini #viralvideo #TimnasDay #TimnasU23 #TimnasIndonesiaU23 #RCTID #indonesiavsuzbekistan #Indonesia https://t.co/f9HbOrDS6R","1784947057339646283","","","in","blitar","0","0","0","https://twitter.com/redvelvet031098/status/1784947057339646283","2250619597","redvelvet031098"
"1784947020396187720","Mon Apr 29 14:05:07 +0000 2024","0","Bismillah #TimnasDay #TimnasU23 #indonesiavsuzbekistan https://t.co/I3XAduby00","1784947020396187720","https://pbs.twimg.com/media/GMVn2bGbkAAE5xp.jpg","","in","","0","0","0","https://twitter.com/heiimooooonnn/status/1784947020396187720","1479153706557837315","heiimooooonnn"
"1784947001282695534","Mon Apr 29 14:05:02 +0000 2024","1","Link Live Streaming Indonesia Vs Uzbekistan di Semifinal AFC U23 Asian Cup Qatar 2024 Akankah Garuda Muda Indonesia Lolos Final? https://t.co/PPq4NmiVlX lewat @Destinasi Bandung #indonesiavsuzbekistan #RCTI #AFCU23AsianCup #Indonesia","1784947001282695534","","","in","Bandung, Indonesia","0","0","0","https://twitter.com/destinasibdg/status/1784947001282695534","2789285389","destinasibdg"
"1784946734084608432","Mon Apr 29 14:03:58 +0000 2024","0","#TimnasDay #indonesiavsuzbekistan bandung merapat nobar optimis timnas menang 🇮🇩 https://t.co/GZHG1Vhxdb","1784946734084608432","https://pbs.twimg.com/media/GMVnmBJbgAAZDy_.jpg","","in","22+","0","1","0","https://twitter.com/vjendraal/status/1784946734084608432","1621104037583294464","vjendraal"
"1784946620326613236","Mon Apr 29 14:03:31 +0000 2024","0","Indonesia 🇮🇩 dong #TimNasDay #inavsuzb #indonesiavsuzbekistan #AFCAsianCup2024 #SemiFinal","1784946620326613236","","","in","followgram.me/marioshane","0","0","0","https://twitter.com/marioshane/status/1784946620326613236","58172269","marioshane"
"1784946615239000150","Mon Apr 29 14:03:30 +0000 2024","0","aku baru beli ini bagus bgt manaan lagi disc di guardian via tokped https://t.co/R53bl5t9UC #zonauang️ #zonajajan #spillskincare #spilltokped #indonesiavsuzbekistan https://t.co/bLsKwml5V1","1784946615239000150","https://pbs.twimg.com/media/GMVnfGpaYAAIqgb.jpg","","in","","0","0","0","https://twitter.com/DoainDpt61127/status/1784946615239000150","1734448252219797504","DoainDpt61127"
"1784946228603810242","Mon Apr 29 14:01:58 +0000 2024","0","Ayoo bisaaa... #indonesiavsuzbekistan https://t.co/hxODfrMnTe","1784946228603810242","https://pbs.twimg.com/ext_tw_video_thumb/1784946153655857152/pu/img/DXZ2pNF-uF2a34Qo.jpg","","in","","0","0","0","https://twitter.com/josetya/status/1784946228603810242","15253543","josetya"
"1784946167232839992","Mon Apr 29 14:01:43 +0000 2024","0","Nobar Indonesia vs Usbek di Alun alun Purwokerto Moga moga menang luurrrr 🇮🇩🇮🇩 Vidio by : @purwokertodrone #AFCU23AsianCup #AFCU23 #indonesiavsuzbekistan https://t.co/Z3wpKYC79F","1784946167232839992","https://pbs.twimg.com/ext_tw_video_thumb/1784946115043061760/pu/img/dk_xG8hXBr-MVGQ2.jpg","","in","","0","0","0","https://twitter.com/Jayturana/status/1784946167232839992","982610244193869824","Jayturana"
"1784945985996878283","Mon Apr 29 14:01:00 +0000 2024","0","2 LINK Live Streaming Timnas Indonesia U 23 vs Uzbekistan di RCTI Semifinal Piala Asia Ini Cara Nonton Gratis #TimnasDay #TimnasIndonesia #TimnasIndonesiaU23 #AFCU23AsianCup #AFCU23 #IDNvsUZB #UZBvIDN #indonesiavsuzbekistan https://t.co/iOLTHD6Pgr","1784945985996878283","","","in","Yogyakarta","0","0","0","https://twitter.com/berita_diy/status/1784945985996878283","1287642738683342848","berita_diy"
"1784945703309185318","Mon Apr 29 13:59:53 +0000 2024","0","Der lah #indonesiavsuzbekistan #TimnasDay https://t.co/5E3dq0CdFi","1784945703309185318","https://pbs.twimg.com/ext_tw_video_thumb/1784945667527618561/pu/img/zNLSu3-5i-Wzmcfh.jpg","","in","Ciamis, Indonesia","0","0","0","https://twitter.com/DenaKubang81/status/1784945703309185318","859641630399365120","DenaKubang81"
"1784945619309842463","Mon Apr 29 13:59:32 +0000 2024","0","Nontn bareng bocil komplek #Indonesia #PialaAsiaU23 #indonesiavsuzbekistan #IndonesiaMaju https://t.co/t6iuv04gGt","1784945619309842463","https://pbs.twimg.com/ext_tw_video_thumb/1784945579262664704/pu/img/hUhVPOCXjE2NbiP6.jpg","","in","Jagakarsa, Indonesia","0","0","0","https://twitter.com/lakembezainal/status/1784945619309842463","1723094977964818432","lakembezainal"
"1784945339600105698","Mon Apr 29 13:58:26 +0000 2024","0","sebelom dimulai inget kalo timnas kalah jangan dihujat #indonesiavsuzbekistan","1784945339600105698","","","in","","0","0","0","https://twitter.com/setelfilm/status/1784945339600105698","1258951497200459776","setelfilm"
"1784945110998036682","Mon Apr 29 13:57:31 +0000 2024","0","Masih nonton di rmh blm mau nobar diluar insyaallah Indonesia di partai final baru nobar. #TimnasDay #indonesiavsuzbekistan https://t.co/ieNfT22YlL","1784945110998036682","https://pbs.twimg.com/media/GMVmHGybgAAm5YF.jpg","","in","Kota Makassar, Sulawesi Selata","0","0","0","https://twitter.com/ibnujie_/status/1784945110998036682","467936394","ibnujie_"
"1784945018412863616","Mon Apr 29 13:57:09 +0000 2024","0","#indonesiavsuzbekistan ayo ayo semua rakyat mendukungmu https://t.co/bdP7THPhiu","1784945018412863616","https://pbs.twimg.com/media/GMVmB5OaMAEedm7.jpg","","in","Surabaya","0","0","0","https://twitter.com/Isdapambudi/status/1784945018412863616","446854226","Isdapambudi"
"1784944923869110643","Mon Apr 29 13:56:47 +0000 2024","0","Ayoo indonesiaa #Indonesia #TimnasDay #TimnasU23 #afc #SemiFinal #indonesiavsuzbekistan https://t.co/TamwKwLyH2","1784944923869110643","https://pbs.twimg.com/media/GMVl8UlaoAAzE5r.jpg","","in","","0","0","0","https://twitter.com/AfterrrDarkkk/status/1784944923869110643","1478994295902248960","AfterrrDarkkk"
"1784944881468903571","Mon Apr 29 13:56:37 +0000 2024","0","Yukkkkk bisa menang kali ini garuda mudaaaa #TimnasDay #indonesiavsuzbekistan https://t.co/iaxv3sYYEH","1784944881468903571","https://pbs.twimg.com/media/GMVl6O5aIAAzk_t.jpg","","in","Indonesia-Bandung","0","0","0","https://twitter.com/nuylentik/status/1784944881468903571","74412710","nuylentik"
"1784534551685210372","Mon Apr 29 13:55:51 +0000 2024","0","#meboquiz tebak skor Indonesia U23 vs Uzbekistan U23 DITUTUP #AFCU23AsianCup #TimnasIndonesiaU23 #TimnasU23 #TimnasDay #Nobar #indonesiavsuzbekistan","1784944689864679603","","Memoria_Bola","in","","0","0","0","https://twitter.com/Memoria_Bola/status/1784944689864679603","1538139820727635968","Memoria_Bola"
"1784944656671015400","Mon Apr 29 13:55:43 +0000 2024","0","Nonton ah siapa tau menang ️ #SemiFinal #AFCU23AsianCup #indonesiavsuzbekistan","1784944656671015400","","","in","Jepara, Indonesia","0","0","0","https://twitter.com/jafarstory/status/1784944656671015400","2267424517","jafarstory"
"1784944654607319168","Mon Apr 29 13:55:42 +0000 2024","0","Indonesia-Qatar ini jauh Lo bisa-bisanya stadion full supporter Indonesia berasa main home #TimnasDay #AsianCupU23 #indonesiavsuzbekistan","1784944654607319168","","","in","","0","0","0","https://twitter.com/Dchzayn_/status/1784944654607319168","2497595250","Dchzayn_"
"1784944648357896652","Mon Apr 29 13:55:41 +0000 2024","1","Ikutan yuk! Berpuisi sambil menunggu jalannya pertandingan Tim Nasional Indonesia berlaga di malam ini melawan Uzbekistan @patjarmerah_id @PenerbitbaNANA @Indonesia_Tera #SelamatHariPuisiNasional2024 #indonesiavsuzbekistan https://t.co/NbWv57vg09","1784944648357896652","https://pbs.twimg.com/media/GMVlseQagAEQ7L5.jpg","","in","Banyuwangi, Indonesia","1","1","0","https://twitter.com/NiatunNikmah/status/1784944648357896652","1613017104458084353","NiatunNikmah"
"1784944522675511439","Mon Apr 29 13:55:11 +0000 2024","0","Nothing to lose aja Timnas Indonesia. Pencapaian Semifinal udah mantep banget ini mah. Ekspektasi jangan terlalu tinggi lawannye bukan kaleng-kaleng ini. #PialaAsiaU23 #indonesiavsuzbekistan","1784944522675511439","","","in","Indonesia","0","0","0","https://twitter.com/achsetiadi/status/1784944522675511439","77469771","achsetiadi"
"1784944342484066650","Mon Apr 29 13:54:28 +0000 2024","0","Doa kami anak negeri Indonesia untuk kalian pahlawan lapangan hijau bawalah Garuda terbang tinggi menuju Olimpiade Paris 2024 #TimnasIndonesiaU23 #Indonesiajuara #sejarahsemifinalU23 #Indonesiavsuzbekistan #olimpiadepariskamidatang https://t.co/v8y9HX9f5N","1784944342484066650","https://pbs.twimg.com/media/GMVlZczaQAAptPX.jpg","","in","","0","0","0","https://twitter.com/eonerockstate/status/1784944342484066650","470311598","eonerockstate"
"1784943780963262914","Mon Apr 29 13:52:14 +0000 2024","1","Pemain Uzbekistan berdarah asli Indonesia satu ini bakal dimainkan gak ya #TimnasDay #NobarDay #indonesiavsuzbekistan https://t.co/4Q6DoakY0n","1784943780963262914","https://pbs.twimg.com/media/GMVk53abwAAp2pl.jpg","","in","Jl. Lurus","0","0","0","https://twitter.com/Janka_Dausat/status/1784943780963262914","1604048393441247233","Janka_Dausat"
"1784943726818943359","Mon Apr 29 13:52:01 +0000 2024","0","Spill link nonton timnas indonesia vs uzbekistan dong guys #indonesiavsuzbekistan","1784943726818943359","","","in","","0","0","0","https://twitter.com/Horangme/status/1784943726818943359","1639769694336057344","Horangme"
"1784943717885116418","Mon Apr 29 13:51:59 +0000 2024","0","Spil link nobar ga siii? #indonesiavsuzbekistan","1784943717885116418","","","in","","0","1","0","https://twitter.com/apacuuuuuuuuu/status/1784943717885116418","1260072208279277570","apacuuuuuuuuu"
"1784943631016845376","Mon Apr 29 13:51:38 +0000 2024","0","Kira-kira nanti yg nobar #indonesiavsuzbekistan ada ngga ya versi real life SunJae - ImSol?? abis nobar langsung confess kiw..kiww...","1784943631016845376","","","in","","0","0","0","https://twitter.com/sha_rshls/status/1784943631016845376","1569918714400886784","sha_rshls"
"1784943587035316307","Mon Apr 29 13:51:28 +0000 2024","1","Alun2 Tastura Lombok Tengah #TimnasDay #GarudaJuara #indonesiavsuzbekistan https://t.co/n3W9ZDcCi8","1784943587035316307","https://pbs.twimg.com/media/GMVkubCbEAAu7Ag.jpg","","in","","0","0","1","https://twitter.com/Wira_Hadi07/status/1784943587035316307","1552590340959649793","Wira_Hadi07"
"1784943501622595684","Mon Apr 29 13:51:08 +0000 2024","0","Link Streaming Siaran Langsung Timnas Indonsia Indonesia VS Uzbekistan pada Semifinal Piala Asia U-23 2024 https://t.co/iHZaJF3KK6 #TimnasDay #indonesiavsuzbekistan #RCTID","1784943501622595684","","","in","Bandung","0","0","0","https://twitter.com/halojabarcom/status/1784943501622595684","1619654388099977216","halojabarcom"
"1784943496010555878","Mon Apr 29 13:51:06 +0000 2024","0","Ayo Nonton... Semifinal AFC U23 Asian Cup. Mohon maaf belum bisa ngajak nobar Apalagi memasang gambar Bukan Pejabat hanya Rakyat Kuatir dianggap numpang tenar sesaat! #AFCU23AsianCup #FYP #foryourpage #PialaAsiaU23 #TimnasDay #TimnasIndonesiaU23 #indonesiavsuzbekistan https://t.co/dFTBMih0YQ","1784943496010555878","https://pbs.twimg.com/media/GMVkpn2aoAA_Ma5.jpg","","in","Sukadana","0","0","0","https://twitter.com/abroodee/status/1784943496010555878","54817751","abroodee"
"1784943355086119166","Mon Apr 29 13:50:33 +0000 2024","0","TIMNASDAY... MENANG KALAH WAJAR YG PENTING NGEGOLIN LEBIH BANYAK DARI LAWAN ..Da itu ajh #AFCU23AsianCup #indonesiavsuzbekistan #Indonesia","1784943355086119166","","","in","Indonesia","0","0","0","https://twitter.com/DI_062/status/1784943355086119166","145707619","DI_062"
"1784943011602071857","Mon Apr 29 13:49:11 +0000 2024","2","Timnas Day Indonesia 2-1 Uzbekistan bismillah yaAlloh Indonesia juara #TimnasDay #indonesiavsuzbekistan https://t.co/gcPTrDEy4n","1784943011602071857","https://pbs.twimg.com/media/GMVkNXZawAA7m0q.jpg","","in","","0","1","0","https://twitter.com/Habibassy_/status/1784943011602071857","1543503957406121985","Habibassy_"
"1784942932912714091","Mon Apr 29 13:48:52 +0000 2024","0","yok bisa yok🇲🇨 #TimnasDay #indonesiavsuzbekistan https://t.co/KiBRp9pnmV","1784942932912714091","https://pbs.twimg.com/media/GMVkIdkbIAAUguS.jpg","","in","","0","0","0","https://twitter.com/wahyudwiatmjaa/status/1784942932912714091","1162149382994579457","wahyudwiatmjaa"
"1784942357848449386","Mon Apr 29 13:46:35 +0000 2024","0","MALAM INI KALAU KAMU DISENENI KARENA BENGOK BENGOK MARAHIN BALIK AJA! #TimnasDay #indonesiavsuzbekistan https://t.co/hOItH8Iq84","1784942357848449386","https://pbs.twimg.com/media/GMVjm6mb0AE8787.jpg","","in","","0","0","0","https://twitter.com/jare_wonogiri/status/1784942357848449386","1561716482215620609","jare_wonogiri"
"1784942279922479421","Mon Apr 29 13:46:16 +0000 2024","0","yg ga premium dmn #AFCU23AsianCup #indonesiavsuzbekistan","1784942279922479421","","","in","","0","0","0","https://twitter.com/heyyowsiapa/status/1784942279922479421","1673602327306174464","heyyowsiapa"
"1784941958814744703","Mon Apr 29 13:45:00 +0000 2024","0","Tersedia 2 link siaran langsung Indonesia vs Uzbekistan semifinal Piala Asia U23 hari ini. Nonton gratis bisa di RCTI. #TimnasDay #TimnasIndonesiaU23 #TimnasU23 #timnasdaylive #Indonesia #indonesiaU23 #indonesiavsuzbekistan #AFCU23AsianCup #pialaasiau23 https://t.co/roaQkAxRXc","1784941958814744703","","","in","Yogyakarta","0","0","0","https://twitter.com/berita_diy/status/1784941958814744703","1287642738683342848","berita_diy"
"1784941809824915962","Mon Apr 29 13:44:24 +0000 2024","0","1 Kaki Sudah Di Paris Tinggal 1 Kaki Lagi Di Langkahin. Go 🇮🇩 Perawanin Usbekistan #TimnasDay #TimnasIndonesia #TimnasIndonesiaU23 #PialaAsiaU23 #indonesiavsuzbekistan #Indonesiajuara https://t.co/zKK8dwT5nU","1784941809824915962","https://pbs.twimg.com/media/GMVjHZkaQAAl7Ay.jpg","","in","","0","0","0","https://twitter.com/ProductionBmb/status/1784941809824915962","1671634108236328960","ProductionBmb"
"1784941353937535293","Mon Apr 29 13:42:36 +0000 2024","0","Yuk dukung Indonesia menang https://t.co/WDvCUm8XXG Jersey Timnas Indonesia https://t.co/4dldp8ih0a #TimnasDay #Nobar #indonesiavsuzbekistan #KIPK #IndonesiaEmas2045","1784941353937535293","","","in","","0","0","0","https://twitter.com/nulisyah4sr/status/1784941353937535293","1653777984531369986","nulisyah4sr"
"1784941163226751423","Mon Apr 29 13:41:50 +0000 2024","0","Posisi menentukan prestasi (Timnas). Wkwk #indonesiavsuzbekistan https://t.co/ITfQpaVaNp","1784941163226751423","https://pbs.twimg.com/media/GMVihcLacAAe-Fg.jpg","","in","Rovaniemi","0","1","0","https://twitter.com/arsalanhere/status/1784941163226751423","59965634","arsalanhere"
"1784941111062229311","Mon Apr 29 13:41:38 +0000 2024","0","Tiang Stainles Fleksibel Serbaguna Only 60k Cek disini #indonesiavsuzbekistan #viralvideo #hariini #QueenOfTears #SVT_THE_BEST_MAESTRO https://t.co/9I8cNRybsI","1784941111062229311","https://pbs.twimg.com/ext_tw_video_thumb/1784941076681576448/pu/img/aEd-ekGaR5ILwMJ6.jpg","","in","","0","0","0","https://twitter.com/msuuu1120/status/1784941111062229311","1745913663905800192","msuuu1120"
"1784940756005970084","Mon Apr 29 13:40:13 +0000 2024","0","Gaiisss inpo link Indonesia vs Uzbekistan #indonesiavsuzbekistan","1784940756005970084","","","in","Pekanbaru , Riau","0","0","0","https://twitter.com/mickropipet/status/1784940756005970084","1408292615372480515","mickropipet"
"1784940615001927683","Mon Apr 29 13:39:39 +0000 2024","0","Ayo Ayo Boaz Solossa Ayo Ayo Gonzales Cetak Gol Ke Gawang Uzbekistan !!! #TimnasDay #indonesiavsuzbekistan #GarudaMendunia","1784940615001927683","","","in","","0","0","0","https://twitter.com/MujahidMudo/status/1784940615001927683","1229783152115290112","MujahidMudo"
"1784940563537842683","Mon Apr 29 13:39:27 +0000 2024","1","LINK Live Streaming Indonesia Indonesia Vs Uzbekistan ️ Stadion Abdullah bin Khalifa Doha Qatar Pukul : 21 : 00 WIB Link Live Streaming: https://t.co/BTjXx4lHGe #RCTI #timnasday #timnasindonesia #indonesiavsuzbekistan #afcu23 #sananta #AFCU23AsianCup https://t.co/u7ALAv86vz","1784940563537842683","https://pbs.twimg.com/media/GMVh-YuaYAAyBOY.jpg","","in","jakarta","0","0","0","https://twitter.com/lingga_pur17370/status/1784940563537842683","1725173551597080576","lingga_pur17370"
"1784940368712359953","Mon Apr 29 13:38:41 +0000 2024","0","GES INGPOKAN NOBAR DAERAH JAKBAR GROGOL DONGGG #TimnasIndonesiaU23 #indonesiavsuzbekistan","1784940368712359953","","","in","","0","0","0","https://twitter.com/despashitoo/status/1784940368712359953","1159651309722595329","despashitoo"
"1784940272801190087","Mon Apr 29 13:38:18 +0000 2024","0","Live Streaming Timnas Indonesia PIALA ASIA AFC U-23 Indonesia Vs Uzbekistan ️ Stadion Abdullah bin Khalifa Doha Qatar Pukul : 21 : 00 WIB. Link Live Streaming: https://t.co/BTjXx4lHGe #RCTI #timnasday #timnasindonesia #indonesiavsuzbekistan #afcu23 #sananta https://t.co/ZxZDSDm7IR","1784940272801190087","https://pbs.twimg.com/media/GMVhpkZaoAAh_ie.jpg","","in","jakarta","0","0","0","https://twitter.com/lingga_pur17370/status/1784940272801190087","1725173551597080576","lingga_pur17370"
"1784940010359410806","Mon Apr 29 13:37:15 +0000 2024","0","Go go Indonesia🇮🇩 #indonesiavsuzbekistan","1784940010359410806","","","in","","0","0","0","https://twitter.com/ThreadShopeeng/status/1784940010359410806","1499209350195605504","ThreadShopeeng"
"1784939653327737125","Mon Apr 29 13:35:50 +0000 2024","0","Kalo kata gw sih INDONESIA bakalan Lolos ke final. Karena pemasukan untuk tuan rumah dari suporter INDONESIA bagus Cuan nya. Welcome indonesia to Olimpiade Paris-Prancis. #indonesiavsuzbekistan #TimnasDay #AFCU23AsianCup #rcti #Indonesia","1784939653327737125","","","in","","0","0","0","https://twitter.com/QitingSoepri/status/1784939653327737125","1623094876849192960","QitingSoepri"
"1784938796464898450","Mon Apr 29 13:32:26 +0000 2024","0","Yang nonton di stadion request dong tolong nyanyiin lagunya bunda corla #STYTerbaik #indonesiavsuzbekistan","1784938796464898450","","","in","ÜT: -6.243836,106 .96222","0","0","0","https://twitter.com/r_yudi_69/status/1784938796464898450","172427134","r_yudi_69"
"1784938618404114890","Mon Apr 29 13:31:43 +0000 2024","0","All in Indonesia 🇲🇨 . . . 3-1 #TimnasDay #TimnasIndonesia #indonesiavsuzbekistan #indonesiamenang #TimnasU23","1784938618404114890","","","in","","0","0","0","https://twitter.com/ZakaMarzuki/status/1784938618404114890","1383018072747823104","ZakaMarzuki"
"1784938514293121074","Mon Apr 29 13:31:19 +0000 2024","0","Gas kan Buat sejarah baru untuk indonesia!!! Bungkam mulut @BungTowel #TimnasDay #indonesiavsuzbekistan https://t.co/RgOBFWD9oy","1784938514293121074","https://pbs.twimg.com/media/GMVgHoaasAA98vu.jpg","","in","Kota Malang","0","0","0","https://twitter.com/ahyarabdullah1/status/1784938514293121074","628706259","ahyarabdullah1"
"1784938364225089890","Mon Apr 29 13:30:43 +0000 2024","0","Camilan kopi rokok ready for #indonesiavsuzbekistan","1784938364225089890","","","in","","0","0","0","https://twitter.com/adetya_089/status/1784938364225089890","861146336","adetya_089"
"1784938294192783837","Mon Apr 29 13:30:26 +0000 2024","0","ada yang pernh nyobain ....??? #QueenOfTearsEp16 #viralvideo #indonesiavsuzbekistan #SEVENTEEN https://t.co/20sMVXNNil","1784938294192783837","","","in","Mataram, Indonesia","0","0","0","https://twitter.com/apajanihdsini/status/1784938294192783837","992214096064872448","apajanihdsini"
"1784885405281575236","Mon Apr 29 13:30:13 +0000 2024","0","@Qatar2023en INDONESIA🇮🇩 the winner!! semangat!!! #Indonesiachampion #indonesiavsuzbekistan","1784938238010101909","","Qatar2023en","in","Jakarta","0","0","0","https://twitter.com/ronaldferdynand/status/1784938238010101909","174525352","ronaldferdynand"
"1784938185946182041","Mon Apr 29 13:30:00 +0000 2024","0","Timnas Indonesia vs Uzbekistan semifinal Piala Asia U23 hari ini link live streaming dan jadwal siaran langsung gratis RCTI pukul 21.00 WIB. #TimnasDay #Timnas #TimnasIndonesia #TimnasIndonesiaU23 #TimnasU23 #indonesiavsuzbekistan #indonesiaU23 https://t.co/HxgX8NrReC","1784938185946182041","","","in","Indonesia","0","0","0","https://twitter.com/TrenEkonomi/status/1784938185946182041","1589872186017259520","TrenEkonomi"
"1784938008116109391","Mon Apr 29 13:29:18 +0000 2024","7","Tidak kebagian tiket hanya didepan kebon orang... #indonesiavsuzbekistan 🇮🇩 https://t.co/FKgiQO80q5","1784938008116109391","https://pbs.twimg.com/media/GMVfqKqasAAU0kq.jpg","","in","Milan, Lombardy","0","1","0","https://twitter.com/ilbanditomilano/status/1784938008116109391","1255548512936157184","ilbanditomilano"
"1784937982920978750","Mon Apr 29 13:29:12 +0000 2024","0","Contoh susunan Acara NOBAR Kali ini : 1. Pembukaan 2.SAMBUTAN - SAMBUTAN a. Sambutan Bupati b. Wakil bupati c. Camat d. Dandim e. Kapolres 3. Kick off 4. Penutup Terimakasih #TimnasDay #TimnasIndonesiaU23 #nobar #indonesiavsuzbekistan","1784937982920978750","","","in","","0","0","0","https://twitter.com/Kangzeters/status/1784937982920978750","1576345825092853760","Kangzeters"
"1784937649297584594","Mon Apr 29 13:27:52 +0000 2024","0","🇮🇩 INDONESIA! Menurut prediksi Sahabat Ikhbar apakah Indonesia mampu maju ke babak final Piala Asia U-23? #TimnasDay #AFCU23AsianCup #AsianCupU23 #PialaAsiaU23 #IndonesiaVsUzbekistan #Nobar","1784937649297584594","","","in","","0","0","0","https://twitter.com/ikhbarcom/status/1784937649297584594","1643986407336341514","ikhbarcom"
"1784921566104748064","Mon Apr 29 13:27:43 +0000 2024","1","@idextratime Sudah penuh #indonesiavsuzbekistan https://t.co/ZfTU3aOYOR","1784937609820774869","https://pbs.twimg.com/media/GMVfSr2bwAAsqAW.jpg","idextratime","in","Bandung, Jawa Barat","0","0","0","https://twitter.com/kosong_lara/status/1784937609820774869","341082428","kosong_lara"
"1784930276919120025","Mon Apr 29 13:27:40 +0000 2024","11","Yel² nya di bagiin Mantappp #TimnasDay #indonesiavsuzbekistan #nobar indonesia 2-1 uzbekistan #AsianCupU23 https://t.co/6rbJZEDx4G","1784937599830044722","https://pbs.twimg.com/media/GMVfSY5aoAAKIEv.jpg","jumintenkoplak","in","City Hopper, Travelholic","0","0","0","https://twitter.com/jumintenkoplak/status/1784937599830044722","280814251","jumintenkoplak"
"1784937295684264047","Mon Apr 29 13:26:28 +0000 2024","0","Info link streaming indo vs uzbek dong Gapapa pake vpn Aku nyoba app rcti+ error deh Drop link below please #AFCAsianCup2024 #AFCU23 #nobar #indonesiavsuzbekistan","1784937295684264047","","","in","Semarang, Indonesia","0","0","0","https://twitter.com/limeminteaa/status/1784937295684264047","364864130","limeminteaa"
"1784930276919120025","Mon Apr 29 13:23:06 +0000 2024","23","Uda mulai pemanasan Yok bismillah yoooook Bole aku minta doanya bareng² disini Kita bisa masuk final #TimnasDay #indonesiavsuzbekistan #nobar indonesia 2-1 uzbekistan #AsianCupU23 https://t.co/SbzILHz1z4","1784936449005191412","https://pbs.twimg.com/ext_tw_video_thumb/1784936236341444608/pu/img/M--qq3-Yx39cSYtQ.jpg","jumintenkoplak","in","City Hopper, Travelholic","0","4","5","https://twitter.com/jumintenkoplak/status/1784936449005191412","280814251","jumintenkoplak"
"1784930276919120025","Mon Apr 29 13:22:12 +0000 2024","69","Uda mulai rame Lucu banget ada yg pake korpri Kayaknya cita² nya dulu pgn jdi pns ya #TimnasDay #indonesiavsuzbekistan #nobar indonesia 2-1 uzbekistan #AsianCupU23 https://t.co/WBfiqIKC8D","1784936222424727816","https://pbs.twimg.com/ext_tw_video_thumb/1784935897877925888/pu/img/rGCWACX2CKh3aNvI.jpg","jumintenkoplak","in","City Hopper, Travelholic","0","8","11","https://twitter.com/jumintenkoplak/status/1784936222424727816","280814251","jumintenkoplak"
"1784936005226856653","Mon Apr 29 13:21:20 +0000 2024","2","Dengan kekuatan wibu dan wota bau fjkt48 mari kita besatu dan mendukung timnas kita di semifinal!!! semoga menang 2-0. menang kusanjung kalah kudukung ayo gass! 🇮🇩🇮🇩🇮🇩 #TimnasDay #AFCU23AsianCup #indonesiavsuzbekistan #TimnasIndonesia","1784936005226856653","","","in","Semarang, Central Java, Indone","0","0","0","https://twitter.com/Ivan_Nicko10/status/1784936005226856653","1094844438315237376","Ivan_Nicko10"
"1784935910620201039","Mon Apr 29 13:20:58 +0000 2024","0","Malem ini gue rada deg degan #TimnasIndonesia #indonesiavsuzbekistan","1784935910620201039","","","in","","0","2","0","https://twitter.com/nonoeys/status/1784935910620201039","1369349603473166344","nonoeys"
"1784935069389623718","Mon Apr 29 13:17:37 +0000 2024","0","3 LINK Live Streaming Timnas Indonesia vs Uzbekistan Semifinal Piala Asia U23 GRATIS di TV RCTI #TimnasDay #TimnasIndonesia #TimnasIndonesiaU23 #TimnasDay #RCTI #indonesiavsuzbekistan #AFCU23AsianCup https://t.co/IkjMyihnI8","1784935069389623718","","","in","Yogyakarta","0","0","0","https://twitter.com/berita_diy/status/1784935069389623718","1287642738683342848","berita_diy"
"1784934961805734290","Mon Apr 29 13:17:12 +0000 2024","0","Wes rasabar banget nonton maine gonzales 🇮🇩 #indonesiavsuzbekistan #TimnasDay","1784934961805734290","","","in","Batang","0","0","0","https://twitter.com/IndrntRian/status/1784934961805734290","1058186251801571328","IndrntRian"
"1784934917270655340","Mon Apr 29 13:17:01 +0000 2024","0","Beres2 rumah udh kelar masak suami dan anak udh makan. Siap2 setel laptop nonton timnas #TimnasDay #TimnasIndonesia #indonesiavsuzbekistan","1784934917270655340","","","in","","0","0","0","https://twitter.com/Ohyaya62/status/1784934917270655340","1655776626582650880","Ohyaya62"
"1784934408870580311","Mon Apr 29 13:15:00 +0000 2024","0","Live Score Indonesia vs Uzbekistan U23 Malam Ini Cek Hasil Timnas via Siaran Langsung di RCTI #TimnasDay #IndonesiavsUzbekistan #PialaAsiaU232024 #TimnasIndonesia https://t.co/UsxTfiUoVx lewat @tribunkaltim","1784934408870580311","","","in","Balikpapan, Indonesia","0","0","0","https://twitter.com/tribunkaltim/status/1784934408870580311","103551225","tribunkaltim"
"1784934200514433227","Mon Apr 29 13:14:10 +0000 2024","0","Lampu Hias Kamar Estetod Only 25k cek disini https://t.co/o1NRgzHatn #indonesiavsuzbekistan #viralvideo #QueenOfTears #Lampuestetik #viral https://t.co/kERUU38omp","1784934200514433227","https://pbs.twimg.com/ext_tw_video_thumb/1784934165819060224/pu/img/fRk5GTcN4hfCCEcZ.jpg","","in","","0","0","0","https://twitter.com/msuuu1120/status/1784934200514433227","1745913663905800192","msuuu1120"
"1784933793473896616","Mon Apr 29 13:12:33 +0000 2024","0","Tuhan Yesus menyertai Timnas Indonesia 🇲🇨🇲🇨 mengalahkan uzbekistan malam ini...amen! #TimnasDay #TimnasIndonesiaU23 #AFCU23AsianCup #indonesiavsuzbekistan","1784933793473896616","","","in","JKT","0","0","0","https://twitter.com/Se7enzKai/status/1784933793473896616","770765724","Se7enzKai"
"1784933235191078929","Mon Apr 29 13:10:20 +0000 2024","0","Statusnya rame tentang sepakbola Indonesia VS Uzbekistan . Semoga Indonesia masuk Final &amp; jadi juara. Aamiin #indonesiavsuzbekistan #Sepakbola #AFCU23AsianCup #AFCAsianCup2024 #AFCU23","1784933235191078929","","","in","Serang","0","0","0","https://twitter.com/toni071982/status/1784933235191078929","1056903218574151681","toni071982"
"1784932588274204887","Mon Apr 29 13:07:46 +0000 2024","0","Indonesia vs Uzbekistan Prediksi AI #indonesiavsuzbekistan https://t.co/bBfgvSuh5q","1784932588274204887","https://pbs.twimg.com/media/GMVaupea0AAC63l.png","","in","","0","0","0","https://twitter.com/JayaEsport20893/status/1784932588274204887","1699271162092732416","JayaEsport20893"
"1784932368996049208","Mon Apr 29 13:06:53 +0000 2024","0","Dukung Timnas Day Indonesia bs Uzbekistan 29 April 2024 Live RCTI #TimnasDay #AFCU23AsianCup #nobar #indonesiavsuzbekistan https://t.co/k41nJP5L1Q","1784932368996049208","","","in","Barcelona, Spain","0","0","0","https://twitter.com/kopi_mandan/status/1784932368996049208","1138974236","kopi_mandan"
"1784932144747589686","Mon Apr 29 13:06:00 +0000 2024","0","Sedang Berlangsung Live Streaming Timnas Indonesia vs Uzbekistan Piala Asia U-23 Link Nonton RCTI https://t.co/bglucoh5U9 lewat @tribunnews #TimnasDay #TimnasIndonesia #TimnasIndonesiaU23 #indonesiavsuzbekistan #Uzbekistan #AFCU23AsianCup #AFCU23","1784932144747589686","","","in","Balikpapan, Indonesia","0","0","0","https://twitter.com/tribunkaltim/status/1784932144747589686","103551225","tribunkaltim"
"1784931682686308663","Mon Apr 29 13:04:10 +0000 2024","1","STIAP AKUN BARU PUNYA HAK MAXWIN!! #tinder88 #TINDER88 #slotgacorhariini #SLOTGACOR #indonesiavsuzbekistan Semangat Indonesia#Slo tmaxwin https://t.co/FPgmyiLOny https://t.co/4LAKkdSC8w","1784931682686308663","https://pbs.twimg.com/media/GMVZvrBbkAAmXA8.jpg","","in","","0","0","0","https://twitter.com/tinderdelapan2/status/1784931682686308663","1756323828358086656","tinderdelapan2"
"1784931604013732023","Mon Apr 29 13:03:51 +0000 2024","2","Alun² Pamulang siap 🇲🇨️ #TimnasDay #TimnasIndonesia #indonesiavsuzbekistan https://t.co/GtQUYfsaHn","1784931604013732023","https://pbs.twimg.com/media/GMVZ0jRbkAA76sr.jpg","","in","Jakarta","0","1","0","https://twitter.com/omkondre/status/1784931604013732023","33402402","omkondre"
"1784931398580858901","Mon Apr 29 13:03:02 +0000 2024","0","STIAP AKUN BARU PUNYA HAK MAXWIN!! #pepe4d #PEPE4D #slotgacorhariini #SLOTGACOR #indonesiavsuzbekistan Semangat Indonesia #Slotmaxwin https://t.co/MXv68ktvkc https://t.co/WqjAsgtRTL","1784931398580858901","https://pbs.twimg.com/media/GMVZUq7bYAA1gaG.jpg","","in","Indonesia","0","0","0","https://twitter.com/Pepe4dmenang/status/1784931398580858901","1756301121994268672","Pepe4dmenang"
"1784930276919120025","Mon Apr 29 12:59:13 +0000 2024","10","Suasana dlm stadion Panas bngt Masi sepi.. secara emang saking semangatnya ga mau telat masuk #nobar #AsianCupU23 #TimnasDay #indonesiavsuzbekistan https://t.co/QFoaCq7U0j","1784930438894751803","https://pbs.twimg.com/media/GMVYps3bEAAr2Ln.jpg","jumintenkoplak","in","City Hopper, Travelholic","0","2","2","https://twitter.com/jumintenkoplak/status/1784930438894751803","280814251","jumintenkoplak"
"1784930355331666389","Mon Apr 29 12:58:53 +0000 2024","0","Bantu aku bang @SenderLabs #TimnasDay #indonesiavsuzbekistan","1784930355331666389","","","in","Jasinga, Indonesia","0","0","0","https://twitter.com/Ade36543452/status/1784930355331666389","1173665790026862593","Ade36543452"
